damage_qty,location,erosion,coat_protection,laminate_vis_dry_dam,hole/crack/bonding,lightning_recep_dam/impact,assist,other,num_desc,continuous,out_hue_mode,out_sat_mode,out_brt_mode,size,coverage,asp_ratio,deg_avg,deg_mode,edge,edgelen_avg,edgelen_mode,sc_edge_ratio,sc_follow_turn,sc_reverse_turn,sc_small_turn,sc_score,hue_avg,hue_mode,hue_range,hue_uni,sat_avg,sat_mode,sat_range,sat_uni,brt_avg,brt_mode,brt_range,brt_uni,hue_outin,sat_outin,brt_outin,windtex
4,47,0,2,0,0,0,0,0,1,1,8,2,8,1,6,4,10,11,4,7,7,13,3,9,3,4,4,4,11,16,2,2,4,6,6,6,7,9,20,23,42,5
1,48,0,2,0,0,0,0,0,1,0,4,2,4,1,6,4,10,12,7,8,8,14,2,10,2,4,4,4,12,18,2,2,2,4,6,6,8,10,18,28,34,4
2,46,0,2,0,0,0,0,0,1,0,13,2,6,1,7,3,10,11,2,8,8,14,4,9,2,4,11,13,12,17,2,2,2,4,4,4,6,8,5,1,23,4
2,49,0,2,0,0,0,0,0,1,0,4,2,6,1,7,3,10,10,2,7,8,13,4,8,2,3,5,3,11,9,2,2,3,5,4,4,5,7,8,12,37,4
1,48,0,2,0,0,0,0,0,1,0,4,2,4,1,6,3,10,11,1,8,7,14,2,10,1,2,5,4,12,16,2,2,2,4,4,4,4,6,6,6,23,4
3,32,0,1,1,0,0,0,0,2,0,9,2,7,1,7,4,10,9,2,8,8,14,7,6,3,4,9,9,2,4,2,2,5,7,5,5,6,8,4,8,40,2
3,44,0,2,0,0,0,0,0,1,1,4,2,6,1,6,6,10,12,3,6,8,12,4,10,4,4,6,4,12,18,2,2,4,6,6,6,8,10,4,26,22,4
1,34,2,0,0,0,0,0,0,1,1,12,2,6,1,8,11,10,12,2,8,8,14,0,11,2,4,11,12,4,6,2,2,7,9,5,6,6,8,8,6,29,1
1,42,0,2,0,0,0,0,0,1,0,8,2,6,1,8,8,10,12,1,8,6,12,8,8,4,2,8,8,2,4,2,2,0,2,4,4,4,6,16,0,24,3
1,44,0,2,0,0,0,0,0,1,0,4,2,4,1,6,6,10,12,2,6,6,12,0,12,4,4,4,4,6,8,2,2,8,10,6,6,8,10,8,22,20,3
1,44,2,0,0,0,0,0,0,1,1,12,4,2,1,8,6,10,12,2,8,8,12,4,10,4,4,8,6,12,18,2,2,8,10,4,4,6,8,16,46,34,3
1,35,0,1,1,0,0,0,0,2,0,6,2,6,1,6,8,10,10,2,8,8,14,6,8,2,2,6,6,12,8,2,2,8,10,6,6,6,8,10,2,28,1
1,36,0,1,1,0,0,0,0,2,0,8,2,6,1,6,6,10,12,2,8,6,12,4,8,2,2,6,8,8,10,2,2,8,6,6,6,6,8,16,6,24,1
1,44,0,2,0,0,0,0,0,1,0,4,2,6,1,8,4,10,8,2,6,6,12,4,8,4,4,4,4,12,12,4,2,8,10,6,6,8,10,8,8,24,3
4,35,3,0,0,0,0,0,0,1,1,12,2,7,1,7,6,10,12,2,8,8,14,3,8,2,4,10,12,9,12,2,2,8,10,5,4,6,8,10,9,41,2
1,44,3,2,0,0,0,0,0,2,0,4,2,8,1,8,6,10,8,2,8,6,12,2,10,4,4,6,6,8,10,2,2,8,10,4,6,8,10,17,28,28,3
1,44,2,2,0,0,0,0,0,2,1,12,2,7,1,8,7,10,12,3,6,8,12,2,10,2,2,8,11,12,18,2,2,7,9,6,6,8,10,16,19,53,3
1,44,0,2,0,0,0,0,0,1,1,4,2,8,1,6,8,10,12,3,8,8,12,2,10,2,2,6,6,12,18,2,2,4,6,6,6,8,10,14,19,28,1
3,34,2,0,0,0,0,0,0,1,1,12,2,6,1,8,10,10,10,4,8,8,14,2,10,2,4,8,6,12,16,2,2,8,10,4,4,6,8,18,18,53,2
2,44,2,2,0,0,0,0,0,2,1,11,2,3,1,6,5,10,12,3,7,8,12,5,8,4,2,6,6,12,18,2,2,8,10,4,5,6,8,14,31,46,5
1,44,0,2,0,0,0,0,0,1,1,6,2,6,1,6,6,10,12,2,6,8,12,0,12,4,4,6,6,12,18,4,2,8,10,4,4,6,8,14,18,20,1
1,36,0,1,1,0,0,0,0,2,0,12,2,6,1,8,10,10,12,3,8,8,14,1,12,2,2,9,7,6,8,4,4,5,7,6,6,4,6,19,36,24,2
1,44,2,2,0,0,0,0,0,2,1,12,2,8,1,8,6,10,9,2,7,7,13,6,8,5,3,7,8,11,13,2,2,3,5,6,5,7,9,20,27,34,4
1,44,0,2,0,0,0,0,0,1,1,11,2,4,1,8,4,10,12,2,7,7,13,4,9,4,3,6,6,10,14,2,2,3,5,5,6,6,8,23,12,44,4
1,35,0,1,1,0,0,0,0,2,0,12,2,7,1,4,4,10,9,3,8,8,14,4,9,3,4,12,12,3,5,3,2,8,10,4,2,6,8,1,29,69,2
1,42,0,2,0,0,0,0,0,1,0,6,2,6,1,7,3,11,12,2,7,7,13,2,10,3,3,6,6,9,14,2,2,8,10,5,6,6,8,14,19,26,4
5,42,0,2,3,0,0,0,0,2,1,10,2,9,1,9,5,10,12,2,8,8,12,1,10,2,2,7,6,12,17,2,2,8,10,6,6,8,10,16,21,42,5
1,43,0,2,0,0,0,0,0,1,1,12,2,10,1,4,6,10,12,5,8,8,12,2,10,4,2,8,8,10,12,2,2,6,8,4,4,8,10,20,8,32,4
5,43,0,2,3,0,0,0,0,2,1,7,2,6,1,6,4,10,11,2,7,7,13,3,9,4,4,6,6,7,9,2,2,3,5,6,6,6,8,12,23,28,5
1,47,0,0,0,0,0,1,0,1,0,2,2,8,1,8,10,8,6,1,4,4,4,20,0,10,2,6,6,8,10,2,2,2,4,4,4,8,10,24,4,60,2
1,30,0,0,0,0,0,1,0,1,0,12,2,6,1,9,14,8,6,1,4,3,2,20,0,10,2,12,12,2,4,2,2,0,2,6,6,4,6,3,0,12,2
1,38,2,0,0,0,0,0,0,1,0,12,2,6,1,6,5,10,10,1,8,8,13,4,9,1,4,12,12,1,3,2,2,2,4,6,6,4,6,4,1,8,2
1,35,0,1,1,0,0,0,0,2,1,12,2,7,1,7,5,10,11,2,8,8,14,4,8,2,4,12,12,4,6,2,2,3,5,6,6,5,7,5,10,15,2
1,50,2,0,0,0,0,0,0,1,1,12,2,8,1,4,14,10,12,5,6,8,12,2,10,4,4,10,12,12,16,2,2,8,10,4,2,6,8,8,6,34,2
1,35,0,1,1,0,0,0,0,2,0,12,2,8,1,6,4,10,8,6,8,6,12,2,10,4,4,8,8,12,12,4,4,4,6,4,4,4,6,28,56,58,2
1,50,2,0,0,0,0,0,0,1,1,5,2,7,1,4,10,10,12,4,8,8,14,3,9,4,4,5,5,12,18,2,2,5,7,5,5,6,8,7,22,43,2
1,37,2,0,0,0,0,0,0,1,1,12,2,8,1,6,5,10,10,3,8,8,14,6,6,2,4,12,12,4,6,2,2,7,7,8,8,7,9,2,0,17,2
1,50,2,0,0,0,0,0,0,1,1,6,2,4,1,6,10,10,12,4,8,6,12,4,8,6,4,8,6,12,18,2,2,4,6,6,8,8,10,6,16,22,2
1,37,0,0,0,0,0,1,0,1,0,12,2,6,1,10,8,8,6,1,4,4,8,18,0,10,4,12,12,0,2,2,2,0,2,6,6,4,6,0,0,4,2
1,37,0,0,0,0,0,1,0,1,1,12,2,8,1,8,12,10,10,1,6,6,12,0,14,2,4,8,12,8,8,2,2,0,2,6,6,6,8,12,0,32,2
4,37,2,0,0,0,0,0,0,1,1,12,2,8,1,4,17,10,12,2,8,6,14,2,10,2,2,12,12,2,4,2,2,7,6,6,6,6,8,2,3,37,2
1,50,2,0,0,0,0,0,0,1,0,10,2,8,1,6,8,10,8,2,7,8,12,4,10,4,3,8,6,11,15,2,2,2,4,8,8,6,8,10,13,11,2
1,37,0,1,1,0,0,0,0,2,1,6,2,6,1,8,6,10,12,2,8,8,12,6,6,2,4,6,6,7,7,2,2,1,3,6,8,6,8,7,0,12,2
1,50,2,0,0,0,0,0,0,1,1,4,2,8,1,6,9,10,12,4,8,8,14,2,10,4,4,6,6,5,7,2,2,3,5,6,5,6,8,16,20,50,2
1,32,0,1,1,0,0,0,0,2,0,12,2,6,1,6,4,10,10,2,8,8,14,2,10,2,4,12,12,2,4,2,2,8,8,6,6,6,8,2,8,14,2
1,42,0,2,3,0,0,0,0,2,1,12,2,5,1,7,3,10,12,3,8,8,13,4,8,2,2,8,9,12,17,2,2,7,9,4,4,7,9,14,1,37,4
1,44,2,2,0,0,0,0,0,2,1,9,2,8,1,8,6,10,12,2,7,8,12,6,8,3,3,5,4,12,14,2,2,5,7,7,7,7,9,18,13,34,4
1,44,2,2,0,0,0,0,0,2,1,6,2,7,1,8,5,10,12,2,7,7,13,5,8,3,3,4,4,12,13,2,2,8,10,6,5,8,10,17,4,38,4
4,39,0,2,0,0,0,0,0,1,1,8,2,6,2,7,4,10,12,3,6,7,12,4,8,4,3,5,3,12,19,3,3,7,9,7,7,7,9,17,31,22,5
2,44,0,2,3,0,0,0,0,2,1,10,3,8,1,6,5,10,12,5,8,8,12,1,10,3,3,7,2,12,16,4,4,3,5,6,6,8,10,15,15,25,5
4,41,0,2,0,0,0,0,0,1,1,12,2,10,11,8,2,10,12,2,6,6,12,4,8,4,2,4,4,12,18,2,2,8,10,4,4,8,10,22,19,46,5
4,40,0,2,0,0,0,0,0,1,1,10,2,8,1,6,5,10,12,4,8,8,13,2,9,4,4,5,4,12,18,2,2,7,9,5,6,8,10,20,9,30,5
1,44,0,1,1,0,0,0,0,2,0,4,2,2,1,10,4,10,8,1,6,6,10,11,6,6,4,4,4,11,11,4,4,4,6,6,4,8,10,13,28,48,2
2,43,0,2,1,0,0,0,0,3,1,5,2,8,2,7,5,10,12,3,7,7,12,4,9,3,3,4,5,12,17,2,2,8,10,6,7,8,10,14,24,30,4
3,43,0,2,0,0,0,0,0,1,1,11,2,8,3,8,4,10,10,4,6,6,12,4,8,6,4,7,9,12,17,2,2,7,9,4,3,8,10,21,17,50,5
3,44,2,2,0,0,0,0,0,2,1,12,2,10,1,6,6,10,12,3,8,8,14,4,10,6,4,8,4,12,18,2,2,8,10,4,2,8,10,16,14,20,5
1,34,0,1,1,0,0,0,0,2,0,12,2,6,1,6,6,10,10,3,8,8,14,6,8,4,4,12,12,2,4,2,2,6,8,4,4,6,8,0,6,62,2
3,38,0,2,0,0,0,0,0,1,1,8,2,6,1,7,5,10,11,2,7,7,13,3,9,3,3,8,7,10,14,2,2,3,5,6,6,7,9,8,10,24,5
1,44,0,0,0,2,0,0,0,1,0,10,2,4,1,6,10,10,12,1,8,10,14,0,10,2,2,8,10,8,8,2,2,8,10,2,2,2,4,8,22,62,2
9,48,0,2,0,0,0,0,0,1,1,12,2,8,1,6,4,10,12,5,8,8,12,0,10,2,4,4,4,12,18,2,2,4,6,8,8,8,10,23,13,13,7
1,39,0,2,0,0,0,0,0,1,0,4,2,7,1,7,5,10,11,2,8,6,14,1,11,3,4,4,4,11,8,2,2,2,4,7,7,6,8,3,6,26,4
1,48,0,0,0,2,0,0,0,1,0,6,2,8,1,2,4,10,12,2,8,8,14,6,6,2,2,6,6,12,14,2,2,0,2,6,6,4,6,8,0,60,2
1,49,0,2,0,0,0,0,0,1,0,12,2,8,1,8,4,10,12,2,8,8,14,0,14,2,4,4,4,12,18,2,2,4,6,8,8,6,8,22,10,26,4
1,30,0,2,0,0,0,0,0,1,0,6,2,8,1,6,4,10,12,1,8,6,14,8,6,4,4,4,6,2,4,4,2,4,6,6,6,8,10,16,30,32,2
1,45,0,2,1,0,0,0,0,2,0,6,2,6,1,8,4,10,12,1,8,8,14,5,7,0,2,4,4,6,8,2,2,2,4,4,4,6,8,21,16,54,4
1,48,0,2,0,0,0,0,0,1,0,6,2,6,1,8,6,10,12,1,8,8,12,10,4,4,2,6,6,0,2,2,2,2,4,6,6,2,4,4,0,4,4
1,48,0,1,1,0,0,0,0,2,0,6,2,5,1,6,4,10,11,1,8,8,14,4,9,2,4,6,5,11,11,2,2,4,6,4,4,6,8,10,4,34,2
1,48,0,1,1,0,0,0,0,2,0,6,2,6,1,8,4,10,10,1,8,6,14,0,10,4,4,6,6,8,10,2,2,2,4,6,6,6,8,8,0,30,2
1,40,0,0,0,0,0,0,1,1,0,6,2,6,1,4,10,10,12,2,8,8,14,8,6,2,2,4,4,12,12,2,2,4,6,4,4,6,8,16,4,48,1
1,48,0,1,1,0,0,0,0,2,0,4,2,6,1,6,4,10,12,3,8,10,14,0,12,2,4,4,4,12,10,2,2,4,6,4,6,8,10,4,22,22,1
1,40,0,0,0,0,0,0,1,1,0,7,2,7,1,9,9,11,12,1,8,8,14,4,8,3,2,5,4,12,16,2,2,0,2,6,4,4,6,21,3,45,1
1,42,0,2,0,0,0,0,0,1,0,6,2,6,1,6,3,11,12,1,8,8,14,3,9,1,2,4,4,9,11,2,2,2,4,6,6,3,5,26,4,25,1
1,48,0,0,3,0,0,0,0,1,0,12,2,10,1,6,4,10,12,4,8,8,14,2,8,2,2,8,4,12,18,2,2,6,8,4,4,8,10,14,4,42,3
1,40,0,0,0,0,0,0,1,1,0,12,2,6,1,6,18,10,12,1,8,8,14,0,10,2,2,6,6,12,18,2,2,0,2,4,4,6,8,14,10,48,1
1,46,0,0,0,0,0,0,1,1,0,6,2,8,1,8,4,10,10,2,6,8,12,2,10,2,2,6,4,12,18,2,2,4,6,6,8,6,8,6,2,14,1
1,48,0,0,3,0,0,0,0,1,0,6,2,6,1,8,4,10,12,3,8,8,14,0,10,0,2,4,4,12,16,4,4,4,6,4,4,8,10,20,36,42,2
5,38,0,2,0,0,0,0,0,1,1,6,2,6,4,6,4,10,12,1,6,6,11,5,8,4,2,6,4,12,17,2,2,3,5,6,6,7,9,14,21,25,7
1,41,3,2,0,0,0,0,0,2,0,4,2,6,1,8,10,10,12,2,6,8,12,2,10,4,4,4,4,12,12,2,2,2,4,4,4,6,8,14,0,62,2
1,44,3,0,0,0,0,0,0,1,1,4,2,4,1,8,6,10,12,2,8,8,12,0,10,2,4,4,4,12,10,4,4,6,8,4,4,6,8,4,32,36,2
1,35,0,1,1,0,0,0,0,2,0,6,2,6,1,6,6,10,8,4,8,8,14,2,10,4,4,6,6,4,6,2,2,2,4,4,4,4,6,4,6,71,1
1,36,0,1,1,0,0,0,0,2,0,4,2,6,1,6,4,10,10,2,8,8,14,2,10,4,4,6,6,12,8,2,2,2,4,4,4,6,8,16,0,66,1
1,37,0,1,1,0,0,0,0,2,1,12,2,8,1,6,6,10,10,7,8,8,14,6,8,4,4,6,6,12,18,2,2,2,4,4,4,6,8,18,0,62,1
6,38,0,2,0,0,0,0,0,1,0,4,2,6,1,6,4,10,12,2,8,8,14,1,11,4,4,4,4,4,6,2,2,2,4,5,5,6,8,14,8,28,7
1,44,3,0,0,0,0,0,0,1,1,4,2,8,1,7,5,9,10,1,7,7,13,2,10,5,3,4,4,6,8,3,3,3,5,5,4,4,6,11,18,44,2
1,33,0,1,1,0,0,0,0,2,0,6,2,6,1,6,6,10,10,4,8,8,13,3,9,4,4,6,6,10,9,2,2,8,9,4,4,6,8,15,7,58,1
1,36,0,1,1,0,0,0,0,2,0,6,2,6,1,6,6,10,8,4,8,8,12,4,8,6,4,6,6,12,14,2,2,2,4,6,6,6,8,12,15,28,1
6,37,0,2,0,0,0,0,0,1,1,9,2,7,1,7,4,10,12,2,8,8,13,3,9,4,3,7,7,8,10,2,2,5,7,4,3,6,8,15,4,45,7
1,42,0,1,1,0,0,0,0,2,0,4,2,6,1,6,4,10,10,4,8,8,14,2,10,2,4,6,4,12,16,2,2,8,10,4,4,6,8,10,2,40,2
1,44,3,0,0,0,0,0,0,1,1,12,2,4,1,8,18,10,12,3,8,8,14,2,10,2,4,10,12,12,18,2,2,2,4,4,4,8,10,10,8,30,2
1,19,0,1,1,0,0,0,0,2,0,12,2,8,1,7,4,10,11,2,7,7,13,4,8,2,3,12,12,4,6,3,2,8,10,5,5,8,10,2,26,57,1
5,42,0,2,0,0,0,0,0,1,1,12,2,7,1,6,5,10,12,4,7,7,12,3,9,3,3,9,12,12,18,2,2,7,9,6,7,8,10,11,29,28,7
2,43,0,1,1,0,2,0,0,3,1,4,2,6,1,7,5,10,12,2,8,6,14,3,9,3,4,5,5,11,16,2,2,7,9,4,4,6,8,15,13,44,5
1,35,0,0,3,0,0,0,0,1,0,11,2,8,1,6,5,10,10,6,8,8,14,2,10,4,4,8,6,11,16,2,2,5,7,4,4,6,8,19,2,66,1
5,40,0,0,3,0,0,0,0,1,1,11,3,5,1,6,5,10,12,2,7,7,12,1,10,3,3,9,9,12,17,2,2,4,6,5,4,8,10,10,20,36,7
5,39,0,2,0,0,0,0,0,1,0,6,2,7,1,7,4,10,11,1,8,8,12,1,12,3,4,6,6,10,7,2,2,4,6,5,4,7,9,8,8,25,7
2,40,0,1,1,0,0,0,0,2,1,12,2,8,1,4,4,10,8,5,8,8,12,2,10,4,4,4,4,12,18,4,4,8,10,4,6,8,10,18,42,54,1
4,35,0,1,1,0,0,0,0,2,0,12,4,6,1,7,5,10,11,2,8,8,14,2,9,1,4,12,12,6,8,4,3,7,9,5,5,5,7,2,15,41,1
4,39,0,2,0,0,0,0,0,1,1,12,7,6,4,6,6,10,12,4,6,6,12,0,10,4,4,10,12,12,18,2,2,8,10,6,8,8,10,15,30,27,7
1,44,3,2,0,0,0,0,0,2,0,10,2,8,1,8,5,10,12,2,8,7,12,4,8,2,3,6,5,12,16,3,3,3,5,6,6,6,8,17,22,44,2
5,39,0,0,2,0,0,0,0,1,0,8,3,7,1,6,4,10,11,2,8,7,13,5,8,4,3,10,12,9,12,4,3,6,8,4,5,6,8,7,22,57,5
4,43,0,2,1,0,0,0,0,3,1,12,8,8,1,6,4,10,12,1,8,8,12,0,10,2,2,8,12,12,18,2,2,8,10,6,7,8,10,12,31,23,5
1,44,0,2,0,0,0,0,0,1,1,12,2,8,1,8,4,10,11,2,8,8,14,1,10,4,4,9,9,12,17,2,2,5,7,5,6,8,10,9,8,31,5
1,37,0,1,1,0,0,0,0,2,1,2,2,8,1,6,4,10,12,4,8,6,14,0,10,2,4,6,6,12,18,2,2,4,6,8,8,6,8,14,4,8,1
3,42,0,2,0,0,0,0,0,1,1,12,2,8,1,6,8,11,12,1,8,8,14,2,10,2,3,8,8,12,17,2,2,2,4,7,6,7,9,13,21,33,5
1,44,0,1,1,0,0,0,0,2,1,12,2,2,1,8,4,10,12,1,6,6,12,8,6,2,2,6,4,12,18,2,2,8,10,8,10,8,10,20,26,22,1
2,33,0,1,1,0,0,0,0,2,0,12,2,8,1,6,4,10,12,4,8,8,14,2,10,4,4,8,4,12,18,2,2,2,4,6,6,8,10,10,8,48,1
1,35,0,1,1,0,0,0,0,2,0,2,2,6,1,6,4,10,12,3,8,6,14,2,10,2,4,6,2,12,18,2,2,2,4,4,4,8,10,10,0,64,1
3,42,3,2,0,0,0,0,0,2,1,12,2,7,1,8,7,10,12,2,6,7,12,3,9,2,2,9,9,12,17,2,2,5,7,6,7,8,10,8,21,23,5
1,42,0,2,0,0,0,0,0,1,0,4,2,7,1,6,4,10,11,2,8,8,14,3,10,3,4,4,4,10,9,2,2,2,4,6,6,5,7,4,22,35,3
5,42,0,2,0,0,0,0,0,1,1,5,2,6,2,8,5,10,9,2,8,8,12,8,6,3,2,4,4,9,12,2,2,4,6,6,6,7,9,17,21,25,5
1,44,3,0,0,0,0,0,0,1,1,2,2,4,1,4,6,10,12,4,6,8,12,2,10,4,4,4,4,12,14,2,2,6,8,4,4,6,8,16,16,44,1
5,42,0,2,0,0,0,0,0,1,1,10,2,8,1,7,4,10,11,1,7,7,12,7,7,3,3,5,4,11,14,2,2,3,5,7,7,7,9,23,26,26,7
1,44,0,1,1,0,0,0,0,2,1,12,2,3,1,6,4,10,12,2,7,6,13,4,9,2,2,8,8,12,18,2,2,5,7,4,4,4,6,13,12,33,1
1,28,0,2,0,0,0,0,0,1,0,4,2,8,1,8,2,10,12,3,8,8,14,2,10,4,4,4,4,11,10,2,2,2,4,6,6,8,10,4,15,47,3
5,40,0,2,0,0,0,0,0,1,1,8,2,7,1,7,5,10,11,3,8,8,13,4,9,2,2,4,4,12,18,2,2,5,7,6,6,7,9,19,23,33,5
1,44,3,2,0,0,0,0,0,2,0,4,2,6,1,4,6,10,12,3,8,8,14,2,10,4,4,6,4,12,18,2,2,4,6,6,4,8,10,10,14,24,1
1,33,0,1,1,0,0,0,0,2,0,10,2,6,1,7,5,10,11,1,8,8,14,9,5,2,4,10,10,6,5,2,2,1,3,5,5,6,8,8,0,30,1
1,33,2,2,0,0,0,0,0,2,1,12,2,7,1,6,8,10,12,1,6,7,12,4,9,3,2,12,12,4,6,3,3,4,6,4,4,5,7,3,13,41,1
1,39,0,2,0,0,0,0,0,1,0,12,2,6,1,8,4,10,12,1,8,8,13,2,9,4,4,11,12,11,8,2,2,0,2,4,4,4,6,10,0,29,3
1,41,0,2,0,0,0,0,0,1,1,4,2,6,1,6,4,10,10,3,6,8,12,2,10,2,4,4,4,12,16,2,2,2,4,6,6,4,6,8,18,18,3
1,42,0,2,1,0,0,0,0,3,0,2,2,6,1,8,4,10,12,3,8,8,14,0,10,2,2,8,4,12,18,2,2,2,4,6,6,8,10,10,12,32,3
1,42,0,2,0,0,0,0,0,1,0,12,2,6,1,6,4,10,12,2,8,8,14,6,6,2,2,10,12,12,18,2,2,2,4,6,4,8,10,10,2,24,3
1,44,2,2,0,0,0,0,0,2,0,12,2,4,1,6,4,10,12,2,8,8,12,4,8,2,2,10,12,12,16,2,2,2,4,4,4,8,10,2,10,32,3
1,33,2,0,0,0,0,0,0,1,1,12,2,6,1,7,7,10,12,2,7,7,13,1,11,3,3,8,9,12,15,2,2,4,6,5,5,7,9,11,9,25,1
1,40,0,2,0,0,0,0,0,1,0,4,2,6,1,8,4,10,10,1,6,8,12,2,10,0,4,12,12,12,16,2,2,2,4,6,8,8,10,28,0,34,3
1,42,0,2,0,0,0,0,0,1,1,4,2,8,1,8,4,10,12,2,6,6,12,4,10,4,4,6,4,12,18,2,2,4,6,4,4,8,10,9,20,54,3
1,43,3,2,0,0,0,0,0,2,0,12,2,6,1,8,8,10,12,2,8,8,14,6,6,2,2,10,12,12,18,2,2,2,4,6,4,8,10,10,4,30,3
1,44,2,0,0,0,0,0,0,1,0,12,2,4,1,4,4,10,12,2,8,6,14,2,10,4,4,10,12,12,16,2,2,4,6,4,4,8,10,6,2,26,1
1,30,2,0,0,0,0,0,0,1,0,12,2,6,1,6,4,10,10,2,8,8,14,6,8,2,4,12,12,1,3,4,4,5,7,6,6,6,8,3,16,26,1
1,42,0,2,1,0,0,0,0,3,0,4,2,4,1,6,4,10,12,3,8,8,14,2,10,4,4,6,4,12,18,2,2,6,8,4,4,6,8,6,24,34,3
2,44,3,2,0,0,0,0,0,2,1,4,2,10,1,8,6,10,12,5,8,8,12,2,10,4,4,8,4,12,18,2,2,8,10,4,4,8,10,4,20,52,4
8,35,3,0,0,0,0,0,0,1,1,12,2,4,2,4,12,12,12,1,8,8,14,0,12,2,2,12,12,12,14,2,2,4,6,4,4,4,6,10,2,37,7
2,40,0,2,0,0,0,0,0,1,1,6,2,8,1,8,4,10,12,2,8,8,14,2,10,0,2,4,4,5,6,2,2,2,4,6,6,6,8,20,5,49,4
2,43,3,2,0,0,0,0,0,2,1,11,2,4,1,8,7,10,10,4,6,6,12,2,10,4,4,4,4,12,17,2,2,8,10,4,4,8,10,18,19,32,4
8,32,3,0,0,0,0,0,0,1,1,9,2,6,7,6,7,11,12,3,8,7,14,2,11,3,3,9,9,11,13,2,2,5,7,4,4,5,7,10,13,41,2
4,39,0,2,0,0,0,0,0,1,1,6,2,6,1,6,6,10,12,3,8,8,14,2,10,2,4,4,4,11,14,2,2,4,6,4,4,7,9,15,19,22,4
4,43,3,0,0,0,0,0,0,1,1,4,2,6,1,6,12,10,12,4,8,8,14,2,10,2,4,4,4,2,4,2,2,6,8,6,6,8,10,2,14,16,4
1,36,0,1,1,0,0,0,0,2,0,10,2,8,1,7,3,10,9,1,8,7,14,8,7,4,4,10,10,1,3,2,2,0,2,6,7,4,6,10,0,27,1
4,39,0,2,0,0,0,0,0,1,0,6,2,6,4,6,3,10,12,2,7,8,13,3,9,3,3,5,5,12,12,2,2,3,5,5,5,7,9,10,18,25,4
4,43,3,2,1,0,0,0,0,3,1,10,2,2,1,4,9,10,12,2,8,8,14,1,12,2,2,6,3,12,13,2,2,6,8,4,4,4,6,15,7,26,4
1,39,0,0,0,1,0,0,0,1,0,12,2,10,1,8,2,10,12,1,8,8,12,10,4,2,2,6,2,12,16,2,2,8,10,2,2,8,10,24,16,76,2
1,43,0,1,1,0,0,0,0,2,1,12,2,6,1,8,12,10,12,1,6,6,10,2,10,4,2,12,12,12,18,2,2,8,10,4,2,8,10,6,10,38,3
1,28,0,1,0,0,0,0,0,1,1,12,2,8,1,8,4,10,12,4,8,8,12,4,8,2,2,12,12,12,14,2,2,6,8,8,8,8,10,6,21,27,2
3,42,0,2,1,0,0,0,0,3,1,9,2,7,1,8,4,10,12,2,6,7,12,3,9,2,3,7,8,12,18,2,2,3,5,6,7,7,9,12,21,32,4
1,44,2,0,0,0,0,0,0,1,1,12,2,2,1,6,4,10,12,4,6,8,12,0,10,2,2,8,10,12,17,2,2,8,10,4,2,8,10,9,36,19,3
1,39,0,0,0,1,0,0,0,1,0,2,2,10,1,8,2,12,12,1,8,8,14,6,6,0,2,6,2,12,18,2,2,8,10,2,2,8,10,6,18,78,2
3,43,0,2,0,0,0,0,0,1,0,6,2,4,1,6,6,10,12,4,8,8,12,3,9,4,2,4,4,11,14,2,2,7,9,4,4,7,9,16,5,30,4
1,44,2,0,0,0,0,0,0,1,1,12,2,2,1,8,6,10,12,5,8,8,14,4,8,4,4,4,4,12,18,2,2,8,10,4,4,8,10,24,24,32,3
6,38,0,2,0,0,0,0,0,1,1,10,2,6,1,6,4,10,11,2,8,8,13,2,11,4,4,10,10,11,13,2,2,1,3,4,5,4,6,8,10,38,5
1,41,2,2,0,0,0,0,0,2,1,12,2,4,1,10,4,10,12,2,6,6,12,2,10,0,2,8,6,8,10,2,2,2,4,4,4,4,6,16,16,41,3
1,44,3,2,0,0,0,0,0,2,0,5,2,5,1,8,7,10,12,1,8,8,13,5,9,2,3,7,4,11,15,2,2,2,4,5,4,7,9,13,5,23,1
1,44,0,0,2,0,0,0,0,1,0,14,2,6,1,6,4,10,12,6,8,8,14,4,8,4,4,4,4,12,14,2,2,4,6,6,6,6,8,18,0,36,3
1,44,0,0,0,0,0,1,0,1,0,8,2,7,1,7,4,10,12,1,8,7,14,10,5,2,3,8,8,1,3,2,2,5,6,4,4,7,9,5,6,59,1
6,38,0,2,0,0,0,0,0,1,0,7,2,7,1,6,6,10,11,1,8,7,14,4,9,2,3,6,7,8,10,2,2,2,4,6,5,5,7,12,13,37,5
1,36,0,1,1,0,0,0,0,2,0,12,2,6,1,6,6,10,10,5,8,8,14,2,10,4,4,10,12,12,14,2,2,2,4,4,4,6,8,16,4,70,1
4,40,0,2,0,0,0,0,0,1,1,10,3,5,1,8,3,10,12,1,7,7,12,3,10,3,3,10,10,6,7,2,2,3,5,4,4,6,8,7,15,35,5
1,44,2,2,0,0,0,0,0,3,0,4,2,4,1,6,4,10,12,3,8,8,14,2,10,2,4,4,4,12,14,2,2,6,8,4,4,8,10,4,8,30,3
1,44,2,2,0,0,0,0,0,2,1,12,2,10,1,4,8,10,12,1,8,8,14,0,10,2,4,6,6,6,8,2,2,2,4,6,6,6,8,22,6,46,2
5,35,2,0,0,0,0,0,0,1,1,12,2,8,1,7,6,10,12,1,8,7,13,5,8,3,3,11,12,4,5,2,2,1,3,8,7,6,8,6,0,21,1
5,42,3,0,0,0,0,0,0,1,1,11,2,6,1,7,8,10,12,5,8,7,14,2,10,4,4,6,5,11,16,2,2,5,6,5,6,6,8,17,4,33,5
5,34,2,0,0,0,0,0,0,1,1,12,2,6,1,6,10,10,12,2,8,8,14,0,12,2,2,12,12,6,8,2,2,4,6,6,6,6,8,4,0,34,1
5,40,3,0,0,0,0,0,0,1,1,7,2,6,1,7,7,10,11,6,8,7,13,4,9,3,3,5,5,12,16,2,2,5,7,4,4,6,8,18,18,25,5
5,35,2,0,0,0,0,0,0,1,1,11,2,8,1,6,11,11,11,2,8,8,14,1,12,1,3,10,12,7,10,2,2,3,5,7,8,8,10,7,0,22,1
5,42,3,2,0,0,0,0,0,3,1,4,2,7,1,6,6,10,12,3,7,8,13,2,9,2,3,4,4,11,12,2,2,4,6,5,6,7,9,13,15,28,5
4,44,0,0,0,0,2,0,0,1,1,12,2,7,1,5,7,10,12,5,8,8,13,3,10,4,4,7,6,12,17,2,2,8,10,5,5,7,9,16,18,39,9
2,38,0,2,0,0,0,0,1,2,1,7,2,7,1,5,4,10,12,1,7,7,13,5,8,3,2,7,7,9,11,2,2,5,7,5,5,7,9,10,9,35,7
2,41,0,2,0,0,0,0,0,1,1,11,2,4,1,6,4,10,12,6,8,8,12,4,8,2,4,8,4,11,16,2,2,4,6,6,4,8,10,18,31,15,4
2,44,3,2,0,0,0,0,0,2,1,6,2,7,1,7,5,10,10,2,8,7,13,0,11,4,4,6,6,11,13,2,2,7,9,4,4,6,8,15,20,44,4
5,32,0,1,1,0,0,0,0,2,0,7,2,8,1,7,3,10,11,3,8,8,14,1,11,3,4,6,3,12,15,2,2,5,7,4,3,8,10,9,3,58,2
3,39,0,2,0,0,0,0,0,1,1,10,2,6,1,9,4,10,12,1,7,6,12,7,7,4,2,7,10,11,16,2,2,2,4,6,6,8,10,11,15,15,4
1,43,0,1,1,0,0,0,0,2,0,6,2,8,1,6,4,10,10,4,8,8,12,2,10,4,4,6,6,12,14,2,2,2,4,6,6,8,10,12,0,50,3
5,44,3,0,0,0,0,0,0,1,1,8,2,9,1,8,4,10,11,2,7,8,13,6,7,3,2,5,5,12,17,2,2,4,6,5,6,8,10,23,10,42,5
5,40,2,2,0,0,0,0,0,3,1,6,2,7,1,6,4,10,12,3,8,8,13,2,10,4,4,4,4,12,13,2,2,5,7,5,6,7,9,15,10,32,5
2,35,0,1,1,0,0,0,0,2,1,5,2,6,1,7,5,9,9,2,8,8,14,3,10,5,4,5,5,2,3,2,2,4,6,3,2,5,7,2,10,62,1
1,39,0,2,0,0,0,0,0,1,0,11,2,4,1,8,4,10,12,1,6,8,12,0,12,4,4,11,11,11,8,2,2,2,4,4,4,8,10,4,7,23,3
3,43,3,0,0,0,0,0,0,1,1,4,2,6,1,5,6,10,12,3,7,7,12,1,11,3,3,4,4,10,9,4,4,7,9,4,3,6,8,11,42,38,5
5,28,0,1,1,0,0,0,0,2,0,12,2,7,1,8,4,10,9,1,8,8,14,5,8,4,4,10,10,3,5,2,2,2,4,4,4,5,7,10,6,58,2
5,33,2,0,0,0,0,0,0,1,1,12,2,6,1,6,6,10,12,2,6,8,12,2,10,2,2,10,12,12,13,2,2,2,4,4,4,6,8,15,4,48,2
5,42,0,1,1,0,0,0,0,2,0,4,2,8,1,7,4,10,10,1,8,7,13,6,7,4,3,5,4,4,4,2,2,2,4,4,4,6,8,3,2,63,2
2,43,3,0,0,0,0,0,0,1,1,10,2,6,1,7,6,10,12,3,6,6,12,0,10,4,4,6,4,10,15,2,2,7,9,4,4,8,10,16,18,34,5
5,24,0,1,1,0,0,0,0,2,0,11,2,8,1,7,4,10,11,1,8,7,13,5,8,3,3,11,11,2,4,2,2,8,10,3,2,7,9,1,27,68,1
5,30,2,0,0,0,0,0,0,1,1,12,2,6,1,7,5,10,12,3,8,8,14,1,11,3,4,11,11,10,9,2,2,6,8,4,4,6,8,8,4,40,1
2,42,0,2,0,0,0,0,0,1,1,6,2,7,1,5,10,9,10,3,8,8,13,2,10,5,4,5,5,9,9,2,2,4,6,4,4,6,8,13,13,52,5
2,44,3,0,0,0,0,0,0,1,1,12,2,2,1,6,14,10,8,9,8,8,12,4,10,4,4,6,6,12,16,2,2,8,10,2,2,6,8,20,14,16,1
5,35,2,0,0,0,0,0,0,1,1,7,2,6,1,6,10,10,12,2,8,8,14,0,12,1,2,8,7,9,11,2,2,5,7,6,6,7,9,7,0,21,2
2,39,0,2,0,0,0,0,0,1,0,11,2,8,1,7,4,10,12,2,6,7,12,3,9,3,2,7,8,12,17,2,2,5,6,6,6,8,10,13,12,37,5
2,44,0,1,1,0,0,0,0,2,0,11,2,6,1,5,6,10,12,3,6,8,12,2,10,2,2,6,4,10,16,4,4,7,9,4,4,6,8,16,28,28,2
6,30,2,0,0,0,0,0,0,1,1,10,2,8,1,6,7,11,11,1,8,8,14,1,10,2,3,6,6,10,15,2,2,2,4,8,8,6,8,16,25,28,2
4,39,0,2,0,0,0,0,0,1,1,11,2,8,1,9,6,10,12,2,7,8,12,2,10,3,3,6,5,12,17,2,2,5,7,6,7,7,9,16,35,30,6
3,34,2,0,0,0,0,0,0,1,1,6,2,8,1,6,4,10,10,1,8,8,14,4,8,3,4,5,6,3,5,2,2,2,3,8,8,7,9,9,0,20,1
3,34,2,1,1,0,0,0,0,3,0,11,2,8,1,6,8,10,11,1,7,6,13,2,10,4,2,10,11,3,5,2,2,3,5,6,7,8,10,5,2,37,1
4,39,0,2,0,0,0,0,0,1,1,9,4,5,1,7,5,10,12,2,8,8,12,0,10,4,3,7,8,12,18,2,2,6,8,6,5,8,10,17,30,25,5
1,44,0,0,0,0,0,1,0,1,0,12,2,7,1,6,4,10,11,1,8,9,14,9,5,2,4,11,13,8,10,2,2,2,3,6,6,3,5,7,3,43,1
2,30,0,0,2,0,0,0,0,1,1,12,2,7,1,4,8,10,12,5,8,7,12,2,10,4,3,11,13,9,13,2,2,6,8,6,6,7,9,11,6,41,3
3,35,2,0,0,0,0,0,0,1,1,7,2,8,1,6,6,10,11,2,8,8,14,2,9,2,4,7,6,10,13,2,2,3,5,7,8,7,9,12,5,20,2
1,35,0,0,3,0,0,0,0,1,0,6,2,8,1,8,7,10,9,1,7,7,13,8,6,3,4,7,6,4,6,2,2,0,2,6,5,4,6,6,1,44,2
2,42,2,2,0,0,0,0,0,2,1,11,2,9,1,7,4,10,11,3,6,8,12,2,10,3,4,6,6,12,17,2,2,7,9,6,6,8,10,19,37,28,5
2,11,0,0,2,0,0,0,0,1,0,12,2,8,1,7,7,10,10,2,8,7,14,5,8,3,3,12,12,1,3,2,2,6,8,5,5,7,9,1,25,59,3
5,25,2,0,0,0,0,0,0,1,1,9,3,5,1,7,5,10,10,2,8,8,14,4,8,4,3,10,9,7,10,3,3,7,9,4,4,6,8,5,15,39,3
3,41,0,1,1,0,0,0,0,2,1,9,3,8,1,8,4,10,11,3,7,7,13,3,9,3,4,9,9,12,14,2,2,6,8,4,4,8,10,10,24,39,5
5,30,2,0,0,0,0,0,0,1,0,12,3,6,1,7,4,10,10,1,8,7,14,4,9,2,4,12,12,6,9,4,4,7,9,3,2,5,7,5,41,65,2
5,35,2,0,0,0,0,0,0,1,1,12,3,5,1,7,6,10,12,1,8,8,14,5,8,2,3,10,12,7,11,3,3,8,10,6,7,7,9,5,13,24,2
1,40,0,1,1,0,0,0,0,2,0,6,2,8,1,6,6,10,12,1,8,8,14,4,8,2,4,8,6,6,8,2,2,4,6,4,4,4,6,6,20,48,2
3,42,2,2,0,0,0,0,0,2,1,9,2,6,1,6,3,10,11,4,8,8,12,2,10,4,4,8,9,12,16,2,2,6,8,4,3,7,9,9,23,34,5
5,35,2,0,0,0,0,0,0,1,1,12,2,6,1,6,10,10,12,2,8,8,16,2,10,2,4,10,10,6,8,2,2,2,4,6,8,6,8,10,8,12,2
1,39,0,0,0,1,0,0,0,1,0,12,2,8,1,8,2,12,12,1,8,8,14,8,6,0,2,6,2,12,14,2,2,8,10,2,2,8,10,22,12,76,3
3,40,0,2,0,0,0,0,0,1,1,11,2,7,1,7,6,10,12,3,7,8,12,1,10,3,4,10,12,11,17,2,2,2,4,5,4,6,8,11,11,42,5
1,44,0,1,1,0,0,0,0,2,1,4,2,8,1,5,3,10,12,2,8,8,14,4,9,2,3,4,4,9,10,4,4,7,9,5,5,7,9,12,48,41,1
5,30,2,0,0,0,0,0,0,1,1,9,2,6,1,7,9,11,12,2,8,8,14,2,10,1,3,6,6,7,9,2,2,8,10,6,7,8,10,12,5,30,2
5,41,3,2,0,0,0,0,0,2,1,6,2,5,1,7,7,10,11,3,8,7,13,1,9,3,4,5,5,8,11,3,3,4,6,6,7,7,9,12,26,47,6
1,9,0,0,0,0,0,1,0,1,0,12,2,8,1,10,12,8,6,1,4,4,4,20,0,10,2,4,4,12,18,6,8,8,10,4,4,6,8,24,60,62,1
5,30,2,0,0,0,0,0,0,1,1,12,2,8,2,6,6,10,12,1,6,6,10,0,16,2,2,8,6,12,16,2,2,4,6,6,6,8,10,26,39,40,3
5,41,3,2,0,0,0,0,0,2,1,8,2,5,1,6,8,10,10,5,8,8,14,2,10,3,3,5,5,10,14,2,2,5,7,5,5,6,8,19,16,45,6
5,30,2,0,0,0,0,0,0,1,1,12,2,8,1,3,5,10,12,1,7,7,13,0,11,3,2,9,9,7,9,2,2,7,7,5,5,6,8,23,7,51,1
1,40,0,1,0,0,0,0,0,1,0,6,2,8,1,8,4,10,12,1,8,8,14,4,8,0,2,6,6,2,4,2,2,0,2,8,8,4,6,6,0,2,3
5,41,3,2,0,0,0,0,0,2,1,11,2,8,1,6,4,10,12,5,8,8,14,3,10,4,4,6,6,10,16,2,2,4,6,4,4,8,10,25,18,47,6
5,30,2,0,0,0,0,0,0,1,1,10,2,6,1,7,8,10,11,4,8,8,14,1,11,3,3,10,10,6,8,3,2,8,10,5,5,8,10,4,17,38,2
1,40,0,0,3,0,0,0,0,1,0,12,2,8,1,6,4,10,10,4,8,8,14,2,10,2,4,12,12,12,18,2,2,8,10,6,6,8,10,8,16,68,3
3,42,2,2,0,0,0,0,0,2,1,10,2,7,1,6,4,10,11,2,7,7,13,5,8,3,4,8,6,10,15,2,2,3,5,4,4,6,8,7,7,39,5
1,4,0,1,0,0,0,0,0,1,0,12,4,10,1,6,4,10,12,2,8,8,14,2,10,4,4,12,12,0,2,4,4,6,8,8,8,6,8,0,4,31,1
2,9,0,0,0,0,0,1,0,1,0,12,4,10,1,8,16,8,6,1,2,2,2,20,0,10,0,8,12,12,18,4,4,8,10,6,6,8,10,18,38,54,2
5,35,2,0,0,0,0,0,0,1,1,12,3,6,1,6,12,10,12,2,8,8,14,1,11,2,4,12,12,4,6,3,3,8,10,5,5,6,8,0,21,30,2
4,40,0,0,3,0,0,0,0,1,0,10,2,8,1,6,4,10,9,2,8,8,14,2,10,4,4,9,10,10,8,2,2,2,4,6,6,8,10,6,4,64,2
3,42,3,2,0,0,0,0,0,2,1,12,3,6,1,6,5,10,11,2,8,8,14,2,10,3,3,10,10,9,12,4,4,6,8,4,4,7,9,5,19,36,5
1,5,0,1,0,0,0,0,0,1,1,12,4,9,1,7,7,10,12,1,8,8,14,5,8,2,4,12,12,0,2,4,4,2,4,9,9,5,7,0,0,17,2
5,35,2,0,0,0,0,0,0,1,1,12,2,4,1,4,8,10,12,2,8,8,14,0,12,2,2,12,12,6,8,4,2,8,10,4,4,8,10,4,4,32,2
3,42,3,2,0,0,0,0,0,2,1,12,4,9,2,7,4,10,12,2,7,7,13,1,11,4,3,10,12,12,18,2,2,7,9,6,5,8,10,14,31,37,5
2,9,0,0,0,0,0,1,0,1,0,12,2,8,1,10,14,8,6,1,4,4,2,20,0,10,2,6,6,12,16,2,2,4,6,6,6,6,8,26,20,60,1
2,26,0,0,2,0,0,0,0,1,0,12,2,7,1,7,5,10,11,2,8,7,13,3,10,2,3,12,12,12,15,3,2,8,10,3,3,7,9,6,21,60,1
5,30,2,0,0,0,0,0,0,1,1,12,3,5,1,8,4,10,11,1,7,7,12,7,7,2,3,11,11,9,12,4,3,6,8,5,4,7,9,9,19,29,2
2,42,3,2,0,0,0,0,0,3,1,9,2,4,1,8,5,8,7,1,6,6,12,11,5,6,5,9,9,12,17,2,2,6,8,5,5,8,10,11,11,51,6
2,9,0,0,0,0,0,1,0,1,0,12,2,8,1,10,14,8,8,1,4,4,2,20,0,4,2,6,4,12,18,4,4,6,8,6,6,6,8,28,48,62,1
5,25,0,1,0,0,0,0,0,1,0,10,2,6,1,7,4,10,10,1,8,9,14,7,7,3,4,11,11,4,6,3,3,7,9,4,2,5,7,9,42,70,1
5,30,3,0,0,0,0,0,0,1,1,12,3,5,1,8,4,9,10,4,8,8,13,3,10,4,3,7,7,11,15,2,2,6,8,6,7,8,10,16,29,29,6
2,42,3,2,0,0,0,0,0,3,1,12,3,2,1,6,5,10,12,3,7,8,13,3,9,3,3,9,10,12,17,2,2,8,10,4,2,8,10,9,30,20,5
5,24,0,1,1,0,0,0,0,2,0,12,2,6,1,8,3,10,10,1,8,8,14,6,7,2,3,12,12,4,6,4,4,8,10,3,2,4,6,5,47,62,2
5,32,2,0,0,0,0,0,0,1,1,12,2,9,1,8,7,10,11,2,8,8,13,0,12,2,3,10,10,10,15,2,2,8,10,4,4,8,10,9,12,38,2
2,42,3,2,3,0,0,0,0,3,1,9,2,6,1,6,4,10,11,2,7,7,12,1,10,4,3,6,4,11,16,2,2,6,8,4,4,7,9,13,19,38,5
1,9,0,0,0,0,0,1,0,1,0,12,2,8,1,10,10,8,6,1,4,4,4,20,0,10,2,4,4,12,18,2,2,2,4,4,4,6,8,24,2,70,1
1,13,0,0,2,0,0,0,0,1,0,12,2,8,1,8,4,10,12,2,8,8,12,10,6,2,2,10,12,12,16,2,2,8,10,4,4,8,10,8,24,66,3
5,30,3,1,1,0,0,0,0,3,1,12,2,6,1,7,8,10,11,2,8,8,14,5,7,1,2,12,12,5,7,2,2,8,10,4,5,6,8,5,12,30,1
5,42,2,2,0,0,0,0,0,2,1,12,2,8,1,7,5,10,11,3,8,8,14,0,12,3,4,9,12,12,17,2,2,6,8,4,4,7,9,10,27,27,6
5,32,2,0,0,0,0,0,0,1,1,12,4,6,1,6,6,10,12,1,6,6,12,0,12,2,2,12,11,5,8,2,2,5,6,4,4,4,6,3,37,52,1
5,42,3,2,3,0,0,0,0,3,1,9,2,8,1,6,5,10,12,3,8,8,13,1,10,3,3,6,4,11,17,2,2,6,8,5,5,8,10,14,20,36,6
5,25,2,0,0,0,0,0,0,1,1,12,2,6,1,7,12,10,12,2,8,8,14,2,10,2,3,11,12,10,13,2,2,6,8,5,5,6,8,8,8,37,2
1,39,0,0,0,1,0,0,0,1,0,12,2,8,1,8,2,12,12,1,8,10,16,20,0,0,2,6,4,12,18,2,2,8,10,2,2,8,10,12,28,78,3
5,41,3,2,0,0,0,0,0,3,1,8,4,9,1,6,9,10,11,3,7,8,13,0,13,2,2,8,8,9,13,3,3,5,7,5,5,6,8,7,39,45,6
1,9,0,0,0,0,0,1,0,1,0,4,2,8,1,10,6,8,8,1,4,4,6,20,0,4,4,4,4,12,8,4,4,4,6,6,6,8,10,20,60,70,1
6,28,2,0,0,0,0,0,0,1,1,12,2,6,1,8,11,10,12,1,7,8,13,1,10,2,2,10,12,6,8,2,2,6,8,5,5,6,8,12,18,38,3
3,40,0,2,0,0,0,0,0,1,1,5,2,6,1,5,6,10,12,3,8,8,13,1,11,4,4,6,6,12,14,3,3,6,8,4,4,7,9,13,25,30,4
3,44,3,2,0,0,0,0,0,2,1,4,2,8,1,6,12,10,12,3,8,8,14,2,10,4,4,4,4,12,18,4,4,6,8,6,6,8,10,16,24,34,4
1,9,0,0,0,0,0,1,0,1,0,4,2,8,1,6,8,8,8,1,4,2,6,8,6,4,2,4,4,12,10,2,2,6,8,6,4,6,8,16,36,64,2
6,28,2,0,0,0,0,0,0,1,1,10,2,6,1,8,10,10,12,2,8,8,14,2,10,2,2,8,10,12,14,2,2,8,10,6,6,6,8,6,0,16,3
1,30,0,0,3,0,0,0,0,1,0,6,2,6,1,4,11,9,12,2,7,7,13,3,9,5,4,6,6,8,10,2,2,3,5,6,6,7,9,8,9,27,1
5,42,3,2,0,0,0,0,0,2,1,9,2,5,1,7,5,11,12,2,8,7,13,4,8,3,3,8,8,12,16,2,2,5,7,4,4,7,9,15,15,33,5
1,5,0,1,0,0,0,0,0,1,0,12,2,8,1,6,4,10,11,2,8,8,15,2,10,4,4,12,12,1,3,2,2,0,2,8,8,6,8,0,0,9,1
1,36,0,1,1,0,0,0,0,2,0,12,2,8,1,4,10,10,8,2,8,8,14,2,10,4,4,12,12,0,2,4,4,8,10,6,6,8,10,2,34,48,1
5,38,0,2,0,0,0,0,0,1,1,8,2,7,1,8,4,10,12,4,7,7,12,1,10,4,4,4,4,12,18,2,2,5,7,6,6,8,10,18,16,17,6
3,43,3,2,0,0,0,0,0,2,1,9,2,6,3,6,4,10,12,3,7,7,13,2,10,2,3,7,5,12,15,3,3,8,10,4,2,7,9,17,24,32,4
5,30,3,0,0,0,0,0,0,1,1,12,2,10,2,6,6,10,12,2,6,6,12,1,12,3,2,11,12,6,8,2,2,8,10,4,4,5,7,7,8,60,3
3,42,3,2,0,0,0,0,0,2,1,7,2,6,1,7,4,10,11,2,8,8,14,1,10,3,4,5,5,8,9,2,2,5,6,5,5,7,9,17,10,40,5
3,30,0,1,1,0,0,0,0,2,0,9,2,9,1,8,3,10,9,1,7,8,14,4,8,2,4,9,9,6,6,2,2,8,10,4,4,7,9,3,15,57,1
5,32,3,2,0,0,0,0,0,2,1,11,2,8,1,8,5,10,12,2,7,8,12,1,11,2,3,7,6,8,10,2,2,4,5,6,6,6,8,17,5,39,3
3,40,0,2,0,0,0,0,0,1,0,4,2,7,1,8,4,10,10,2,7,8,13,4,9,3,3,4,4,3,5,2,2,3,5,6,6,5,7,12,9,31,4
3,40,3,2,0,0,0,0,0,2,1,10,2,7,1,5,5,10,11,2,6,6,12,2,10,4,4,9,7,12,14,2,2,8,9,4,4,6,8,13,14,33,4
3,35,0,1,1,0,0,0,0,2,0,10,2,7,1,7,4,10,10,1,7,7,12,4,9,3,3,10,9,2,4,2,2,7,8,4,4,6,8,3,16,59,1
3,42,3,2,0,0,0,0,0,3,1,12,2,6,1,7,4,10,10,3,7,7,13,2,11,3,3,6,4,11,17,2,2,6,8,4,3,6,8,21,12,47,5
2,42,0,0,0,3,0,0,0,1,1,10,2,8,1,5,5,10,12,2,6,7,12,1,9,4,3,4,4,12,17,3,2,8,10,6,5,8,10,23,38,77,3
2,43,0,2,0,0,0,0,0,1,0,12,2,10,1,4,4,10,12,3,8,8,12,6,8,2,2,4,4,12,20,2,2,6,8,6,6,8,10,20,32,40,5
1,44,0,2,0,0,0,0,0,1,0,12,2,10,1,4,4,10,12,3,8,8,12,4,10,2,4,4,4,12,20,2,2,4,6,6,6,8,10,30,34,62,1
1,37,1,0,0,0,0,0,0,1,1,12,2,10,1,7,4,10,11,1,7,7,11,3,9,2,3,6,4,12,18,2,2,3,5,6,5,8,10,15,11,58,1
1,38,0,2,0,0,0,0,0,1,1,4,4,4,1,8,4,8,6,1,6,6,12,18,0,8,4,4,4,12,18,2,2,6,8,6,4,6,8,14,46,18,4
1,38,0,2,0,0,0,0,0,1,1,12,4,4,1,6,6,10,12,1,6,6,10,4,8,2,2,4,4,12,18,2,2,4,6,6,6,8,10,30,14,40,4
3,37,0,2,0,0,0,0,0,1,0,11,2,8,1,4,6,10,12,3,8,8,14,2,10,4,4,4,4,12,15,4,4,8,10,4,4,6,8,17,29,54,5
1,44,0,0,0,0,0,1,0,1,0,2,2,6,1,7,5,10,12,1,8,7,13,5,7,1,2,8,3,12,14,2,2,8,10,4,3,5,7,9,19,53,2
2,38,0,2,0,0,0,0,0,1,0,12,2,10,1,6,6,10,12,2,6,8,10,2,10,2,2,6,4,12,18,2,2,4,6,4,4,4,6,18,14,51,4
1,43,1,0,0,0,0,0,0,1,0,6,4,8,1,6,4,10,12,3,6,6,12,2,10,4,4,10,12,12,18,2,2,8,10,4,4,6,8,24,56,50,4
1,44,0,2,0,0,0,0,0,1,1,6,2,4,1,6,4,10,12,1,6,6,12,8,6,2,4,10,10,12,18,2,2,8,10,6,4,8,10,22,34,36,4
1,36,1,0,0,0,0,0,0,1,0,6,2,6,1,6,4,10,10,1,7,7,13,2,10,4,4,6,5,11,16,2,2,3,5,4,4,5,7,6,9,64,1
1,43,0,0,0,0,0,1,0,1,0,4,2,6,1,4,4,11,12,1,6,6,13,4,8,2,2,6,3,12,17,2,2,8,10,2,2,6,8,11,26,51,2
1,44,0,2,0,0,0,0,0,1,0,4,4,4,1,8,4,10,12,1,8,8,14,2,10,0,4,4,4,12,8,2,2,4,6,4,4,4,6,4,34,20,2
1,43,0,2,0,0,0,0,0,1,0,4,2,2,1,6,6,10,10,2,8,6,12,0,10,2,2,4,4,12,18,2,2,8,10,4,4,6,8,8,8,28,2
1,44,0,0,0,0,0,1,0,1,0,7,2,6,1,4,4,12,12,1,7,8,13,1,10,2,2,9,9,12,18,2,2,8,10,2,2,5,7,12,15,54,2
1,44,0,0,0,0,0,1,0,1,0,4,2,10,1,4,4,10,12,2,8,8,12,8,6,0,2,6,4,12,18,2,2,7,9,8,8,8,10,12,1,47,2
1,46,0,2,0,0,0,0,0,1,0,4,2,4,1,6,4,10,12,4,8,8,12,4,8,4,4,4,4,12,18,2,2,6,8,6,6,8,10,12,8,16,4
1,48,0,2,0,0,0,0,0,1,0,10,3,7,1,5,5,10,12,1,7,8,12,9,5,4,3,8,14,9,11,3,3,3,5,5,5,4,6,11,5,42,4
1,48,1,0,0,0,0,0,0,1,0,4,4,4,1,6,4,10,10,1,7,8,13,2,10,3,4,4,4,7,7,5,5,4,6,4,3,3,5,6,25,36,2
1,48,0,2,0,0,0,0,0,1,0,12,2,4,1,6,4,10,12,4,6,8,12,0,12,2,4,6,4,12,18,2,2,8,10,4,4,8,10,16,18,44,4
1,26,0,2,0,0,0,0,0,1,0,2,10,8,1,6,6,10,8,1,8,8,14,10,4,2,4,8,2,12,18,4,4,8,10,6,6,8,10,16,24,60,2
1,29,0,2,0,0,0,0,0,1,1,18,10,8,1,6,6,10,12,1,8,8,14,12,4,2,2,10,18,12,20,4,4,8,10,6,6,6,8,18,50,68,2
2,27,0,2,0,0,0,0,0,1,0,4,2,10,1,8,6,10,12,1,6,6,10,6,8,2,2,4,4,12,14,2,2,2,4,10,10,6,8,14,22,24,3
1,30,0,2,0,0,0,0,0,1,1,2,4,8,1,6,6,10,12,1,8,8,14,10,4,2,2,8,4,12,18,2,2,2,4,8,6,6,8,26,66,22,2
1,26,0,2,0,0,0,0,0,1,0,4,2,8,1,2,8,10,12,3,8,6,12,0,12,2,2,6,4,12,18,2,2,6,8,6,6,6,8,10,12,58,2
1,30,0,2,0,0,0,0,0,1,0,2,2,8,1,4,4,10,10,1,8,8,12,2,10,4,4,6,4,12,18,2,2,2,4,6,6,4,6,14,26,66,2
1,25,1,0,0,0,0,0,0,1,0,12,2,8,1,2,4,10,10,3,6,6,12,2,10,2,2,8,2,12,20,2,2,8,10,6,6,8,10,18,26,66,1
1,28,0,0,0,2,0,0,0,1,0,2,2,8,1,2,4,10,12,1,8,6,12,2,10,4,2,6,2,10,8,4,4,6,8,8,8,6,8,14,46,12,1
1,28,0,0,0,2,0,0,0,1,0,18,2,8,1,2,8,10,6,1,4,2,6,18,0,6,0,4,2,10,8,4,4,2,4,8,8,4,6,18,56,18,1
3,29,0,0,0,2,0,0,0,1,0,4,2,8,1,2,16,12,12,1,6,6,12,0,14,0,2,8,2,12,20,4,2,8,10,6,2,8,10,14,12,38,7
1,31,1,0,0,0,0,0,0,1,0,12,2,6,1,7,5,10,9,1,7,7,13,4,9,0,3,12,12,12,12,2,2,3,5,4,4,4,6,13,9,64,1
1,8,0,0,0,0,0,1,0,1,0,12,2,8,1,4,5,8,8,1,5,4,8,8,6,8,2,8,8,12,15,2,2,0,2,7,7,6,8,19,6,41,1
1,37,0,2,0,0,0,0,0,1,0,4,2,6,1,6,8,10,12,2,8,6,12,1,12,3,3,8,5,12,17,2,2,2,4,5,4,8,10,9,12,37,5
2,12,0,0,0,0,0,1,0,1,0,12,2,10,1,3,5,8,7,1,5,4,9,4,9,10,3,6,4,11,12,2,2,0,2,7,7,6,8,20,1,45,2
2,6,0,0,0,0,0,1,0,1,1,12,2,10,1,4,4,9,8,1,5,5,9,4,9,8,3,8,7,12,15,2,2,1,3,8,8,5,7,22,2,34,1
2,37,0,0,0,0,0,0,1,1,1,6,2,8,1,7,20,10,12,1,6,5,10,2,8,2,2,7,7,12,18,2,2,2,4,6,6,8,10,17,26,37,2
2,8,0,0,0,0,0,1,0,1,0,12,2,10,1,8,4,11,10,1,4,2,6,16,1,0,0,12,12,12,18,2,2,2,4,8,8,6,8,7,0,51,2
3,7,0,0,0,0,0,1,0,1,0,12,2,8,1,3,7,10,12,1,6,6,11,8,6,5,2,11,10,12,18,2,2,1,3,7,7,5,7,16,0,43,2
2,43,1,0,0,0,0,0,0,1,0,4,2,10,1,6,6,10,12,6,8,8,14,2,10,4,4,8,4,12,18,2,2,6,8,6,6,8,10,6,0,22,4
1,45,0,2,0,0,0,0,0,1,0,12,2,4,1,8,4,10,12,1,8,8,14,8,6,2,4,12,14,12,18,2,2,6,8,4,4,6,8,10,18,32,4
1,44,0,2,0,0,0,0,0,1,0,12,2,6,1,6,4,10,12,3,6,8,12,2,10,2,2,12,12,12,18,2,2,4,6,6,6,8,10,10,2,20,4
1,43,1,0,0,0,0,0,0,1,0,12,2,6,1,6,4,10,12,2,8,8,14,4,8,2,4,12,12,12,18,2,2,2,4,4,4,4,6,8,4,32,4
1,45,0,2,0,0,0,0,0,1,0,12,2,4,1,6,4,10,12,3,8,8,12,0,12,2,4,12,12,12,18,4,4,8,10,4,4,4,6,6,20,18,4
2,32,1,0,0,0,0,0,0,1,1,12,2,6,1,6,4,10,12,3,6,8,12,0,12,2,2,12,12,11,16,4,4,7,9,4,4,7,9,9,9,69,1
2,14,0,0,0,0,0,1,0,1,0,12,4,8,1,8,4,8,6,1,7,7,12,18,0,9,6,12,12,2,4,4,4,3,5,7,7,3,5,0,11,22,1
1,24,1,0,0,0,0,0,0,1,1,12,2,10,1,6,4,10,10,3,6,6,12,2,10,2,4,14,14,12,18,2,2,8,10,4,2,8,10,20,27,63,1
2,37,0,0,0,2,0,0,0,1,0,4,2,8,1,2,16,12,12,2,6,6,12,0,12,0,2,6,4,12,18,2,2,0,2,4,4,6,8,16,28,64,3
3,43,0,2,0,0,0,0,0,1,0,4,2,6,1,6,4,10,11,1,8,8,12,5,8,3,3,4,4,10,14,2,2,6,8,5,5,7,9,5,14,26,5
1,44,0,1,0,0,0,0,0,1,0,4,2,6,1,7,6,10,12,1,8,9,14,16,1,1,2,4,4,12,11,2,2,2,4,5,5,5,7,3,2,17,1
1,45,0,2,0,0,0,0,0,1,0,4,2,4,1,6,4,10,12,2,8,7,13,1,11,2,3,5,4,12,15,2,2,4,6,4,4,7,9,9,9,34,4
3,44,0,2,0,0,0,0,0,1,0,4,2,6,1,6,4,10,11,2,7,8,13,1,11,3,4,4,4,11,15,2,2,4,6,5,6,7,9,5,7,24,5
1,43,0,2,0,0,0,0,0,1,0,4,4,7,1,7,4,10,12,2,8,8,14,0,13,2,4,4,4,12,9,4,4,6,8,4,6,8,10,2,15,27,4
6,39,0,0,0,2,0,0,0,1,0,12,2,8,1,2,12,12,12,3,6,6,12,0,12,0,2,12,12,12,18,2,2,2,4,4,4,6,8,16,4,66,5
1,42,0,2,0,0,0,0,0,1,0,4,2,4,1,8,4,10,9,1,8,6,14,1,13,2,4,4,4,11,8,2,2,4,6,4,4,4,6,3,10,15,4
1,45,1,0,0,0,0,0,0,1,1,12,4,4,1,6,4,10,12,1,6,8,12,2,10,2,2,4,4,12,18,2,2,6,8,6,4,8,10,24,22,36,1
3,44,0,2,0,0,0,0,0,1,0,12,4,4,1,6,4,10,12,6,8,8,12,0,10,2,4,4,4,12,18,2,2,4,6,4,4,8,10,20,41,22,5
5,43,0,2,0,0,0,0,0,1,1,8,3,8,1,6,4,10,12,5,8,8,13,1,11,5,4,4,4,12,18,2,2,5,7,6,5,8,10,12,26,27,6
2,11,0,0,0,2,0,0,0,1,0,12,2,8,1,2,12,10,12,7,6,8,12,4,8,2,2,12,12,12,18,2,2,4,6,6,6,8,10,8,0,42,3
5,39,0,2,0,0,0,0,0,1,0,10,2,9,1,6,2,10,12,7,8,8,14,2,10,4,4,6,4,12,17,2,2,7,9,6,6,7,9,18,6,49,5
1,44,1,0,0,0,0,0,0,1,1,4,2,8,1,6,5,10,12,4,7,7,13,2,10,4,4,4,4,12,18,2,2,8,10,5,4,8,10,9,29,35,4
1,33,1,0,0,0,0,0,0,1,1,4,3,9,1,6,4,10,12,8,8,8,13,3,9,3,4,4,4,12,18,2,2,6,8,6,5,8,10,4,27,38,4
5,43,0,2,0,0,0,0,0,1,1,6,4,5,1,6,4,10,12,5,6,6,12,3,9,4,4,4,4,12,17,2,2,7,9,6,4,8,10,18,43,25,5
5,45,0,2,0,0,0,0,0,1,1,4,3,6,1,6,4,10,12,11,8,8,13,2,10,3,4,5,4,12,18,2,2,8,10,6,4,8,10,9,42,19,5
1,42,0,2,0,0,0,0,0,1,0,4,2,6,1,8,4,10,12,3,8,6,12,0,10,2,2,6,4,12,18,2,2,8,10,4,4,4,6,8,2,49,5
1,10,0,0,0,2,0,0,0,1,0,12,2,10,1,2,12,12,12,2,8,6,12,0,12,0,2,6,4,12,14,2,2,0,2,8,8,6,8,20,0,58,1
5,42,0,2,0,0,0,0,0,1,1,7,3,9,2,5,5,10,9,7,8,7,13,1,10,4,4,4,4,12,18,2,2,5,7,6,6,8,10,9,40,33,7
1,10,0,0,0,2,0,0,0,1,0,12,2,10,1,2,8,10,12,4,6,6,12,0,10,2,2,10,12,12,18,2,2,4,6,8,8,8,10,14,0,32,1
4,43,0,2,0,0,0,0,0,1,1,4,4,6,1,7,4,10,11,4,7,8,12,3,10,4,4,4,4,11,16,2,2,5,7,6,5,7,9,7,40,27,5
4,13,0,1,0,0,0,0,0,1,0,10,2,9,1,5,10,10,11,1,7,7,13,5,7,3,3,7,7,11,13,2,2,0,2,8,8,3,5,17,0,36,1
1,0,0,0,0,0,0,1,0,1,0,10,2,6,1,6,6,6,6,1,4,4,4,20,0,10,2,10,12,12,18,2,2,4,6,4,6,6,8,10,4,14,1
5,42,0,2,0,0,0,0,0,1,1,4,3,8,1,5,5,10,10,3,8,8,14,3,9,4,4,6,6,10,15,2,2,3,5,4,4,7,9,13,23,45,5
1,0,0,0,0,0,0,1,0,1,0,12,4,7,1,5,9,6,6,1,2,2,3,20,0,10,1,12,12,5,7,4,4,8,10,7,8,8,10,2,6,22,1
5,42,1,0,0,0,0,0,0,1,1,4,4,8,1,8,4,10,12,2,8,8,14,6,8,4,4,10,10,11,17,2,2,8,10,6,6,8,10,17,31,44,4
5,40,0,2,0,0,0,0,0,1,1,5,3,8,1,6,4,10,12,4,8,6,13,2,10,3,4,10,12,12,17,2,2,5,7,6,6,8,10,18,23,47,5
1,0,0,0,0,0,0,1,0,1,0,12,4,6,1,6,8,8,6,1,4,4,4,20,0,10,2,12,12,12,16,4,4,8,10,6,8,6,8,0,6,24,1
5,41,0,2,0,0,0,0,0,1,1,8,2,7,1,7,5,10,11,2,8,7,14,4,9,5,4,11,12,9,11,2,2,3,5,6,6,7,9,13,16,31,5
5,44,0,0,0,2,0,0,0,1,1,6,2,8,1,7,4,10,12,2,6,7,12,5,8,5,4,12,12,12,17,2,2,4,6,6,4,7,9,13,12,40,5
5,43,0,2,0,0,0,0,0,1,1,9,3,6,1,6,5,10,12,2,7,8,13,3,9,4,4,10,12,12,17,2,2,4,6,5,4,7,9,13,30,39,5
2,35,1,0,0,0,0,0,0,1,0,12,2,5,1,6,4,10,11,1,8,8,14,3,9,4,4,12,12,8,11,2,2,4,6,3,2,4,6,8,17,61,1
5,41,0,2,0,0,0,0,0,1,1,10,2,8,1,8,4,10,12,10,7,8,12,2,10,2,4,8,9,12,17,2,2,4,6,5,4,7,9,11,11,36,7
5,42,0,2,0,0,0,0,0,1,0,5,4,6,1,6,4,10,12,5,8,8,14,0,10,4,4,10,12,12,17,2,2,6,8,6,4,8,10,20,44,29,5
1,44,0,1,0,0,0,0,0,1,0,12,2,6,1,2,4,10,12,1,8,8,14,2,8,2,2,12,12,2,4,2,2,2,4,6,6,2,4,6,4,0,1
1,39,0,0,0,3,0,0,0,1,1,12,2,8,1,2,10,12,12,3,6,6,12,0,10,2,2,6,4,12,18,2,2,0,2,8,8,6,8,16,0,22,1
5,42,0,2,0,0,0,0,0,1,0,6,6,8,1,6,4,10,12,4,6,8,12,0,10,2,4,4,4,12,18,2,2,8,10,6,8,8,10,22,53,28,4
1,42,0,2,0,0,0,0,0,1,0,12,2,6,1,8,4,10,10,1,8,8,16,12,4,2,4,14,14,12,18,2,2,2,4,4,4,6,8,12,4,44,1
1,44,0,0,0,0,0,1,0,1,0,12,2,4,1,8,4,10,11,1,8,8,15,14,3,0,4,12,12,12,17,3,3,6,8,3,3,3,5,11,21,47,1
5,44,1,0,0,0,0,0,0,1,1,4,2,7,1,6,4,10,12,4,8,8,12,4,10,2,4,7,5,12,18,2,2,7,9,6,7,8,10,13,2,32,5
1,0,0,0,0,0,0,1,0,1,0,4,2,6,1,8,4,8,6,1,8,8,18,20,0,10,8,8,4,12,18,2,2,2,4,6,6,6,8,8,8,34,1
1,0,0,0,0,0,0,1,0,1,0,4,2,2,1,6,6,8,8,1,4,4,4,20,0,10,2,10,12,12,18,2,2,4,6,6,6,6,8,8,12,34,1
5,44,0,2,0,0,0,0,0,1,1,7,2,8,1,6,4,10,12,3,7,7,12,4,9,3,3,6,4,12,17,2,2,3,5,6,6,8,10,12,19,38,5
1,0,0,0,0,0,0,1,0,1,0,4,2,8,1,6,6,6,6,1,4,4,6,20,0,10,2,6,4,12,18,2,2,8,10,4,8,6,8,6,2,14,1
5,41,0,2,0,0,0,0,0,1,1,4,3,5,1,6,3,10,11,2,7,6,12,2,10,4,3,5,4,8,11,3,3,7,9,4,4,5,7,5,18,44,5
2,0,0,0,0,0,0,1,0,1,1,6,2,8,1,5,11,8,6,1,2,2,3,19,0,9,1,8,9,12,17,2,2,6,8,7,8,6,8,7,9,29,1
1,0,0,0,0,0,0,1,0,1,1,6,2,6,1,5,8,9,11,1,6,6,11,9,5,4,2,6,6,12,15,2,2,6,8,6,5,6,8,5,9,42,1
2,32,1,0,0,0,0,0,0,1,0,6,2,6,1,6,6,10,10,2,7,7,13,1,10,4,4,7,4,12,18,2,2,3,5,4,4,4,6,11,11,66,1
1,39,0,2,0,0,0,0,0,1,0,4,4,6,1,6,6,10,12,2,6,8,12,0,12,2,2,4,4,12,16,4,4,7,9,6,4,8,10,4,16,27,5
3,0,0,0,0,0,0,1,0,1,1,6,2,9,2,4,9,10,10,1,6,8,12,15,2,4,2,5,5,12,14,2,2,4,6,8,8,7,9,3,8,28,1
5,40,0,2,0,0,0,0,0,1,0,4,4,6,1,6,4,10,9,3,6,8,12,2,10,4,4,4,4,6,8,4,4,7,9,6,4,6,8,10,22,23,5
5,43,0,2,0,0,0,0,0,1,0,4,2,3,1,7,4,10,12,3,7,7,11,3,9,3,3,4,4,8,14,4,3,6,8,4,4,6,8,13,12,38,5
3,25,0,0,2,0,0,0,0,1,0,6,2,8,1,4,7,10,11,1,7,6,12,5,7,4,3,6,5,5,6,2,2,0,2,6,7,4,6,6,1,43,5
1,39,0,0,0,3,0,0,0,1,1,4,2,8,1,2,10,12,12,1,8,8,14,6,8,2,2,4,4,12,12,2,2,6,8,4,4,6,8,8,6,52,5
5,39,0,2,0,0,0,0,0,1,0,10,2,7,1,6,6,10,9,6,6,6,12,3,11,4,4,4,4,12,18,2,2,7,9,6,4,6,8,18,19,30,5
1,11,0,1,0,0,0,0,0,1,1,8,2,7,1,7,7,9,6,1,6,4,8,18,0,6,2,6,6,12,18,2,2,1,3,6,6,5,7,7,0,30,1
1,33,1,0,0,0,0,0,0,1,0,4,2,10,1,6,4,10,10,6,8,8,12,0,10,4,4,4,4,12,18,2,2,8,10,4,6,8,10,16,6,48,3
3,38,0,2,0,0,0,0,0,1,1,8,3,9,1,6,4,10,11,2,8,8,13,5,8,4,4,4,4,11,16,2,2,7,9,5,5,8,10,14,12,36,3
1,0,0,0,0,0,0,1,0,1,1,7,2,9,2,5,11,9,9,1,4,3,5,17,1,7,1,9,8,12,17,2,2,2,4,8,8,7,9,11,2,34,1
1,13,0,0,0,2,0,0,0,1,0,7,2,8,1,2,14,12,12,1,6,8,12,0,12,2,2,8,9,4,4,2,2,0,2,8,8,4,6,5,0,4,1
3,43,0,2,0,0,0,0,0,1,1,4,2,4,1,6,4,10,12,5,6,6,12,2,10,4,4,4,4,12,17,2,2,7,9,6,6,8,10,10,22,28,5
5,44,0,2,0,0,0,0,0,1,1,5,3,7,1,6,5,10,9,4,6,7,12,2,10,2,3,4,4,12,12,2,2,6,8,6,6,8,10,14,45,22,5
1,0,0,0,0,0,0,1,0,1,0,4,2,8,1,8,4,8,8,1,8,8,14,20,0,10,6,8,4,12,18,2,2,2,4,8,8,8,10,6,6,30,1
2,39,0,2,0,0,0,0,0,1,0,4,4,6,1,6,4,10,8,6,6,8,12,0,10,4,4,4,4,12,17,2,2,8,10,6,6,8,10,11,35,18,5
1,43,1,0,0,0,0,0,0,1,0,4,2,8,1,8,4,10,12,7,8,8,12,0,10,4,4,6,4,12,18,2,2,6,8,6,8,8,10,6,4,24,5
1,17,1,0,0,0,0,0,0,1,0,12,2,8,1,9,17,10,9,1,7,5,11,16,0,7,4,14,14,0,2,2,2,0,2,9,9,1,3,15,3,20,3
3,23,0,0,3,0,0,0,0,1,1,18,2,8,1,6,61,11,12,2,6,5,10,7,7,4,2,12,12,11,9,3,2,5,7,6,4,4,6,14,13,42,6
3,25,1,0,0,0,0,0,0,1,0,14,2,8,1,4,22,10,12,2,6,5,12,2,9,6,2,8,2,12,12,2,2,2,4,6,6,4,6,25,8,39,6
3,25,1,0,0,0,0,0,0,1,0,14,2,8,1,4,44,10,14,1,6,5,9,9,5,4,2,14,17,11,7,2,2,2,4,6,6,6,8,18,8,57,6
1,25,0,0,3,0,0,0,0,1,0,4,2,8,1,6,2,10,10,1,8,8,14,18,0,0,2,14,14,2,4,2,2,4,6,8,8,4,6,28,26,22,6
3,18,1,0,0,0,0,0,0,1,0,14,2,10,1,6,16,11,11,1,6,6,11,7,7,2,2,10,5,11,9,2,2,1,3,8,8,3,5,20,3,46,5
3,25,1,0,0,0,0,0,0,1,1,14,2,8,1,2,46,10,8,5,6,8,12,4,8,6,2,14,14,6,8,2,2,2,4,6,8,6,8,14,4,46,5
3,23,1,0,0,0,0,0,0,1,1,14,2,8,1,2,52,10,12,2,6,2,8,2,10,4,2,14,14,4,6,2,2,0,2,6,8,4,6,10,0,28,5
3,25,1,0,0,0,0,0,0,1,1,12,2,6,2,2,27,12,12,3,6,4,12,4,8,2,2,14,14,11,10,2,2,2,4,4,4,4,6,17,0,59,7
3,20,0,2,0,0,0,0,0,1,1,12,4,8,2,2,14,10,12,7,6,6,12,0,12,4,2,8,12,12,14,2,2,4,6,6,6,6,8,24,62,24,4
2,25,1,0,0,0,0,0,0,1,1,12,2,8,1,2,16,10,12,2,6,6,12,0,14,2,2,4,4,12,16,4,4,8,10,4,4,6,8,30,64,60,4
2,39,1,0,0,0,0,0,0,1,0,4,2,9,1,6,33,11,12,1,7,7,13,4,9,3,2,4,4,3,5,2,2,4,6,9,10,7,9,15,10,24,4
1,10,0,0,0,2,0,0,0,1,0,2,2,10,1,2,4,12,12,2,8,8,14,0,10,0,2,4,2,12,6,2,2,0,2,10,10,2,4,8,0,21,2
2,36,1,0,0,0,0,0,0,1,0,4,2,8,1,5,45,10,9,3,6,6,11,3,9,3,2,4,4,0,2,4,4,4,6,8,10,6,8,16,41,14,5
2,20,0,0,0,2,0,0,0,1,0,6,2,6,1,4,18,10,12,1,8,6,12,0,12,4,4,4,4,2,4,2,2,4,6,4,6,6,8,12,4,40,9
2,39,1,0,0,0,0,0,0,1,0,12,4,4,1,7,56,11,12,1,6,7,11,10,4,4,1,10,12,10,12,2,2,1,3,4,4,3,5,13,48,30,3
2,39,1,0,0,0,0,0,0,1,1,10,2,4,1,6,23,10,12,3,7,7,12,1,11,3,3,4,4,12,15,3,4,6,8,4,4,3,5,20,36,15,7
2,30,1,0,0,0,0,0,0,1,0,4,2,7,1,5,12,10,9,2,6,5,12,8,7,7,3,4,4,0,2,3,3,2,4,7,8,5,7,14,24,22,3
2,30,1,0,0,0,0,0,0,1,0,12,2,8,1,6,40,12,12,2,6,5,11,7,7,3,2,5,4,12,16,2,2,1,3,6,6,5,7,22,10,30,3
2,39,0,0,0,2,0,0,0,1,0,4,2,10,1,4,22,12,12,2,6,8,12,4,8,2,2,4,4,0,2,4,4,4,6,10,10,4,6,16,50,34,7
3,39,1,0,0,0,0,0,0,1,0,4,2,7,1,6,36,11,12,2,6,7,11,1,11,2,2,4,4,10,11,4,4,5,7,7,8,7,9,13,28,41,7
3,39,1,0,0,0,0,0,0,1,0,10,2,8,1,3,40,11,12,2,6,6,11,0,12,1,2,4,4,2,4,3,3,3,5,8,8,5,7,21,25,17,7
1,25,1,0,0,0,0,0,0,1,1,12,2,8,1,7,28,10,9,1,6,7,12,7,7,3,3,9,8,10,14,2,2,1,3,6,6,7,9,11,18,42,3
1,20,1,0,0,0,0,0,0,1,0,12,2,8,1,8,14,10,12,1,6,4,10,4,8,4,2,6,4,12,12,2,2,0,2,6,6,4,6,22,6,48,2
1,25,1,0,0,0,0,0,0,1,0,12,2,8,1,7,15,10,10,1,7,7,12,1,10,4,3,12,12,6,8,2,2,0,2,6,6,5,7,5,11,27,3
1,25,1,0,0,0,0,0,0,1,0,12,2,8,1,7,23,10,9,1,6,7,11,7,6,4,4,12,12,4,6,2,2,0,2,6,6,3,5,10,2,37,3
2,25,1,0,0,0,0,0,0,1,0,12,2,8,1,5,36,11,10,1,6,5,10,7,7,4,2,9,8,12,17,2,2,1,3,6,6,4,6,12,37,23,3
2,25,1,0,0,0,0,0,0,1,0,12,2,8,1,9,12,9,8,1,6,4,10,11,4,9,4,12,11,1,3,2,2,1,3,6,6,2,4,4,7,37,3
1,25,0,0,0,0,1,0,0,1,0,6,2,8,1,10,4,10,8,1,6,4,10,18,0,10,4,12,14,8,10,4,2,4,6,6,6,6,8,16,16,48,2
1,25,1,0,0,0,0,0,0,1,0,12,2,7,1,9,32,10,12,1,7,6,10,13,2,5,2,9,11,7,8,2,2,0,2,6,6,4,6,15,11,27,3
2,25,1,0,0,0,0,0,0,1,0,12,2,2,1,4,30,10,12,1,6,4,8,0,12,2,2,10,12,12,16,2,2,8,10,2,2,4,6,4,22,30,3
4,25,1,0,0,0,0,0,0,1,0,12,2,7,1,7,22,10,11,1,6,8,12,4,8,3,3,11,11,4,6,2,2,3,5,5,5,4,6,7,15,24,5
3,25,1,0,0,0,0,0,0,1,0,12,4,6,2,8,86,12,12,1,6,6,12,4,8,0,0,14,12,12,16,2,2,2,4,4,4,4,6,16,60,40,4
2,25,1,0,0,0,0,0,0,1,0,12,4,6,1,6,32,10,12,2,6,4,10,6,8,4,2,10,12,12,14,2,2,2,4,4,4,4,6,4,54,36,3
1,25,1,0,0,0,0,0,0,1,0,6,2,4,1,6,8,10,10,1,8,8,12,2,10,4,4,6,4,12,18,4,2,8,10,4,4,6,8,8,8,22,3
3,25,1,0,0,0,0,0,0,1,0,6,2,4,1,6,52,12,12,1,6,4,10,0,12,2,2,8,6,12,18,2,2,8,8,6,6,6,8,8,24,38,4
1,25,1,0,0,0,0,0,0,1,0,12,2,6,1,8,13,8,8,1,4,4,6,6,7,8,2,10,11,6,8,2,2,2,4,4,6,3,5,15,28,29,3
2,25,1,0,0,0,0,0,0,1,0,9,2,6,1,6,9,9,8,1,6,5,8,8,6,7,3,9,8,9,11,2,2,5,6,5,5,5,7,11,22,32,3
1,16,0,0,0,2,0,0,0,1,0,12,2,9,1,6,21,9,8,1,5,5,6,10,5,8,3,12,13,4,5,2,2,0,2,8,8,2,4,8,4,30,3
1,25,0,0,0,0,3,0,0,1,0,6,2,4,1,4,10,8,12,1,6,4,12,4,8,8,4,10,10,6,8,2,2,6,8,6,6,8,10,22,34,32,9
3,25,1,0,0,0,0,0,0,1,1,11,2,6,1,9,10,9,9,1,6,6,10,9,5,8,3,8,4,12,14,2,2,3,5,4,5,5,7,20,18,27,4
1,0,0,0,0,0,3,0,0,1,0,12,2,10,1,6,10,10,12,1,7,7,11,1,11,4,2,12,12,0,2,2,2,0,2,9,10,3,5,0,0,20,3
1,22,0,0,0,2,0,0,0,1,0,12,2,8,1,6,10,10,12,1,6,4,8,16,0,6,2,12,12,8,10,2,2,4,6,6,6,4,6,8,8,10,3
3,25,1,0,0,0,0,0,0,1,0,12,2,10,3,10,64,12,12,1,6,8,12,8,6,0,2,12,12,8,10,2,2,2,4,6,6,6,8,8,0,58,4
1,25,1,0,0,0,0,0,0,1,0,12,2,8,1,8,26,12,12,1,8,6,12,4,8,2,2,12,14,12,18,2,2,2,4,6,6,4,6,18,4,34,3
3,25,1,0,0,0,0,0,0,1,0,12,2,4,2,6,103,10,12,1,6,6,8,4,8,2,2,6,6,12,17,2,2,8,10,4,4,6,8,15,14,26,4
1,25,1,0,0,0,0,0,0,1,0,12,2,8,1,6,12,10,12,1,8,8,12,0,12,4,4,10,18,12,18,4,4,8,10,4,4,6,8,18,30,54,3
3,25,1,0,0,0,0,0,0,1,1,12,2,8,1,6,40,10,11,1,6,6,10,9,5,6,2,11,11,5,7,2,2,0,2,8,8,4,6,12,10,35,4
1,25,1,0,0,0,0,0,0,1,0,12,3,7,1,7,20,10,12,1,6,5,11,5,7,5,3,14,15,9,11,4,2,4,6,5,5,5,7,21,16,34,3
1,25,1,0,0,0,0,0,0,1,0,12,2,8,1,6,12,10,8,1,6,6,10,8,6,6,2,8,4,12,18,4,2,6,8,6,6,6,8,12,16,28,3
1,25,1,0,0,0,0,0,0,1,0,12,4,8,2,4,32,11,12,1,6,6,12,4,9,1,1,12,12,8,10,3,3,3,5,6,6,4,6,5,17,47,7
1,25,0,0,0,0,3,0,0,1,0,12,2,6,1,4,4,8,8,1,8,8,14,2,10,8,6,12,12,12,14,2,2,2,4,6,6,4,6,12,0,28,3
3,25,1,0,0,0,0,0,0,1,0,12,2,6,1,6,35,10,12,1,6,6,8,1,11,2,0,8,12,7,9,2,2,4,6,6,4,7,9,21,12,40,7
4,25,1,0,0,0,0,0,0,1,0,12,2,7,1,7,15,10,12,1,6,6,11,7,6,3,2,9,5,11,15,4,3,6,8,5,5,5,7,19,15,31,5
3,25,1,0,0,0,0,0,0,1,0,12,4,6,2,2,19,12,12,1,6,6,12,0,10,0,0,10,12,12,19,2,2,6,8,6,6,6,8,17,20,31,7
2,25,1,0,0,0,0,0,0,1,0,12,2,6,1,8,41,10,12,1,6,4,10,15,1,5,2,14,14,2,4,3,2,2,4,4,4,4,6,17,5,64,3
1,25,1,0,0,0,0,0,0,1,0,6,2,6,1,6,12,10,12,1,6,4,12,0,10,2,2,8,6,8,10,2,2,4,6,4,2,4,6,8,8,68,3
2,44,1,0,0,0,0,0,0,1,0,2,2,6,1,3,23,12,12,1,6,8,10,1,10,2,0,4,4,12,11,2,2,2,4,4,4,4,6,15,7,28,3
3,22,1,0,0,0,0,0,0,1,0,12,2,8,1,8,15,10,11,1,6,6,10,10,4,7,2,10,10,4,5,2,2,0,2,7,7,3,5,16,0,24,7
3,44,1,0,0,0,0,0,0,1,0,12,2,4,1,5,25,11,12,2,7,7,12,5,9,3,3,8,9,12,15,2,2,2,4,5,4,4,6,17,7,24,7
2,43,1,0,0,0,0,0,0,1,1,2,2,8,1,2,20,12,12,1,6,8,12,12,4,2,0,4,4,12,10,2,2,4,6,6,6,4,6,30,8,48,3
2,43,1,0,0,0,0,0,0,1,1,12,2,6,1,3,28,12,12,1,6,4,12,1,11,2,0,8,4,12,17,2,2,5,7,4,4,6,8,22,11,73,3
2,43,1,0,0,0,0,0,0,1,0,12,2,4,1,2,28,12,12,1,6,4,10,4,8,2,2,4,6,8,10,2,2,2,4,4,4,4,6,30,2,36,3
2,44,1,0,0,0,0,0,0,1,0,12,2,10,1,2,18,12,12,1,6,6,10,6,6,2,0,4,4,12,18,2,2,4,6,4,4,6,8,32,6,44,3
2,43,1,0,0,0,0,0,0,1,1,12,2,10,1,2,22,12,12,1,6,6,10,8,6,2,0,6,6,12,12,2,2,4,6,4,4,8,10,28,16,54,3
2,43,1,0,0,0,0,0,0,1,1,12,2,4,1,4,44,12,12,1,6,8,12,10,4,2,0,4,4,12,16,2,2,4,6,4,4,2,4,28,24,38,3
3,39,1,0,0,0,0,0,0,1,0,12,2,8,1,4,24,12,12,1,6,8,12,10,4,3,2,14,14,12,8,2,2,4,6,6,6,4,6,18,2,44,4
3,39,1,0,0,0,0,0,0,1,0,12,2,6,2,8,28,11,11,1,6,5,9,8,6,3,1,12,12,2,4,2,2,2,4,6,6,3,5,11,16,26,4
3,39,1,0,0,0,0,0,0,1,0,12,2,8,6,6,54,12,12,2,6,8,12,0,10,0,2,12,12,12,16,2,2,6,8,6,6,6,8,14,8,58,4
3,39,1,0,0,0,0,0,0,1,1,12,2,8,4,4,64,8,6,1,4,2,4,10,6,8,2,14,14,12,12,2,2,4,6,6,6,4,6,20,2,58,4
3,39,1,0,0,0,0,0,0,1,0,12,2,8,2,6,74,12,12,1,6,8,10,4,8,4,0,12,12,12,10,2,2,4,6,6,6,4,6,12,4,50,4
3,39,1,0,0,0,0,0,0,1,0,12,2,8,2,6,60,12,12,1,6,4,10,2,8,0,0,14,14,6,8,2,2,2,4,6,6,6,8,16,4,54,4
3,39,1,0,0,0,0,0,0,1,0,12,2,8,3,4,48,12,12,1,6,8,12,6,6,2,0,16,18,12,14,2,2,2,4,6,6,4,6,22,30,64,4
3,39,1,0,0,0,0,0,0,1,0,12,2,8,2,4,40,12,12,1,6,6,12,4,8,2,0,14,14,6,8,2,2,0,2,6,6,4,6,22,8,66,4
3,39,1,0,0,0,0,0,0,1,0,12,4,6,4,2,32,12,12,1,6,4,8,0,10,2,0,14,14,12,18,2,2,6,8,4,4,4,6,16,38,60,4
3,36,1,0,0,0,0,0,0,1,1,12,4,6,6,4,28,12,12,1,6,7,11,0,13,2,2,14,14,8,10,2,2,3,5,5,6,3,5,17,43,31,4
3,39,1,0,0,0,0,0,0,1,0,14,2,10,2,6,22,11,12,1,6,7,9,4,7,4,1,13,14,6,5,2,2,0,2,7,8,3,5,12,0,42,4
3,39,1,0,0,0,0,0,0,1,0,12,2,10,2,5,35,12,12,1,6,4,10,4,8,3,0,12,12,11,12,2,2,2,4,8,8,2,4,13,13,50,4
3,39,1,0,0,0,0,0,0,1,0,12,2,8,2,4,28,10,12,1,6,4,8,12,4,4,0,14,12,6,8,2,2,2,4,6,6,2,4,14,6,54,4
3,39,1,0,0,0,0,0,0,1,0,12,2,8,4,4,54,12,12,1,6,8,10,0,12,2,0,14,14,12,16,2,2,2,4,6,6,4,6,20,22,44,4
3,26,1,0,0,0,0,0,0,1,1,12,2,6,3,5,39,11,12,1,6,5,10,1,9,1,2,13,14,12,16,2,2,3,5,6,6,4,6,22,23,34,4
3,39,1,0,0,0,0,0,0,1,0,12,2,8,3,4,70,12,12,1,6,8,10,2,8,2,0,14,14,12,10,2,2,2,4,6,6,4,6,20,12,50,4
2,39,1,0,0,0,0,0,0,1,0,14,2,8,2,4,26,12,12,1,8,8,14,0,10,2,2,14,14,12,14,2,2,2,4,6,6,4,6,20,4,62,3
3,39,1,0,0,0,0,0,0,1,0,14,2,8,3,6,40,12,12,1,8,8,12,0,10,2,2,12,14,12,12,2,2,4,6,6,6,4,6,18,8,46,4
3,39,1,0,0,0,0,0,0,1,0,14,2,8,2,8,54,12,12,1,6,6,10,4,8,2,2,12,14,12,12,2,2,4,6,6,6,6,8,14,4,48,4
3,39,1,0,0,0,0,0,0,1,0,14,2,10,3,2,22,12,12,1,6,6,10,2,8,2,2,14,14,2,4,2,2,2,4,6,6,4,6,6,4,48,4
3,39,1,0,0,0,0,0,0,1,1,14,2,8,2,6,96,12,12,2,6,4,10,2,10,0,2,8,4,12,16,2,2,4,6,6,6,6,8,20,6,52,4
3,39,1,0,0,0,0,0,0,1,0,12,2,8,4,2,32,10,12,1,4,2,6,12,2,4,0,14,14,12,10,2,2,0,2,6,8,4,6,18,0,34,4
3,39,1,0,0,0,0,0,0,1,0,14,2,8,2,4,26,12,12,1,8,8,12,4,8,2,2,12,16,12,10,2,2,4,6,6,6,4,6,24,12,60,4
3,39,1,0,0,0,0,0,0,1,0,12,2,8,3,6,54,12,12,1,6,4,10,8,6,2,0,14,14,4,6,2,2,0,2,6,6,4,6,18,2,68,4
3,39,1,0,0,0,0,0,0,1,0,12,2,8,3,4,32,12,12,1,6,8,10,0,10,0,0,12,14,12,12,2,2,4,6,6,8,6,8,20,4,38,4
3,36,1,0,0,0,0,0,0,1,0,13,2,8,5,6,19,11,12,1,6,6,12,4,8,2,2,14,14,8,9,2,2,1,3,8,8,7,9,16,1,14,4
2,39,1,0,0,0,0,0,0,1,0,12,2,10,2,8,14,10,9,1,5,4,8,5,8,3,2,12,10,6,9,2,2,1,3,8,8,3,5,20,6,43,3
2,39,1,0,0,0,0,0,0,1,0,14,2,10,1,8,24,12,12,1,6,8,12,10,4,2,2,8,4,12,14,2,2,0,2,10,10,4,6,22,0,6,3
2,39,1,0,0,0,0,0,0,1,0,14,2,8,1,8,24,10,12,1,6,7,12,5,7,4,2,14,14,12,9,2,2,0,2,8,8,2,4,12,0,20,3
3,39,1,0,0,0,0,0,0,1,0,12,2,10,2,6,27,12,12,1,6,4,8,0,10,0,0,12,18,12,16,2,2,2,4,8,8,6,8,24,4,39,4
3,39,1,0,0,0,0,0,0,1,0,12,2,8,2,4,30,10,12,1,6,8,10,0,14,2,2,14,14,12,12,2,2,2,4,8,8,6,8,14,0,30,4
3,39,1,0,0,0,0,0,0,1,0,12,2,8,2,4,34,10,8,1,4,4,6,0,12,4,0,10,4,12,12,2,2,4,6,6,6,4,6,26,18,52,4
3,39,1,0,0,0,0,0,0,1,0,14,2,8,4,6,72,10,12,1,6,4,9,1,11,3,2,14,14,6,8,2,2,0,2,8,8,4,6,11,0,36,4
3,39,1,0,0,0,0,0,0,1,0,14,2,8,2,5,18,10,12,1,6,4,8,1,10,4,2,12,9,8,8,2,2,2,4,6,6,5,7,18,2,40,4
0,52,0,0,0,0,1,0,0,1,0,12,2,10,1,8,4,12,12,1,8,10,16,20,0,0,2,12,12,6,8,2,2,0,2,10,10,4,6,8,0,4,2
1,51,1,0,0,0,0,0,0,1,0,14,2,4,1,6,4,10,8,2,8,6,14,0,12,2,4,8,12,12,18,2,2,2,4,6,4,8,10,14,4,16,2
1,52,1,0,0,0,0,0,0,1,0,14,2,10,1,6,4,10,12,1,8,8,14,6,8,0,2,14,14,4,6,2,2,0,2,8,10,4,6,6,10,18,2
1,53,0,0,0,0,0,0,1,1,0,12,2,10,1,8,10,10,10,1,6,8,12,0,10,2,2,12,12,2,4,4,4,4,6,6,6,4,6,6,48,74,2
1,51,0,0,0,0,0,0,1,1,0,12,2,6,1,6,8,10,12,1,8,8,12,8,6,2,2,12,12,2,4,4,2,6,8,4,4,4,6,12,36,58,2
1,51,0,0,0,0,0,0,1,1,0,12,2,6,1,8,6,10,12,1,8,10,16,4,8,2,4,12,12,2,4,2,2,4,6,4,4,4,6,4,34,66,2
3,53,0,0,0,0,0,0,1,1,0,12,2,8,1,4,4,10,12,1,6,8,12,4,10,4,2,12,14,2,4,4,4,6,8,4,4,6,8,8,52,54,7
1,52,0,0,0,0,0,0,1,1,0,12,2,6,1,6,6,10,12,1,8,6,12,6,8,2,2,12,12,4,6,4,4,4,6,2,2,2,4,4,40,60,2
1,53,1,0,0,0,0,0,0,1,0,12,2,6,1,6,6,10,12,2,6,8,12,6,8,4,4,16,18,12,12,2,2,0,2,6,6,6,8,16,16,20,3
1,47,1,0,0,0,0,0,0,1,0,14,2,8,1,4,4,10,10,2,8,6,14,6,8,4,4,16,18,12,10,2,2,0,2,8,8,2,4,20,0,4,3
3,54,1,0,0,0,0,0,0,1,1,12,2,10,5,2,4,10,12,1,6,6,10,14,2,4,2,12,14,12,18,2,2,4,6,6,4,8,10,16,20,30,4
1,54,1,0,0,0,0,0,0,1,0,14,2,10,1,4,4,10,12,2,6,6,10,0,12,2,2,14,14,6,8,2,2,0,2,8,10,6,8,14,14,30,2
1,49,0,0,0,0,0,0,1,1,0,14,2,4,1,4,4,10,12,1,6,6,8,10,6,2,2,14,14,2,4,2,2,2,4,4,4,4,6,10,12,28,2
1,19,1,0,0,0,0,0,0,1,0,12,2,6,1,3,5,10,12,1,6,4,10,1,9,2,2,12,12,4,6,2,2,3,5,4,4,4,6,5,11,57,2
1,31,0,0,0,0,3,0,0,1,0,12,2,6,1,8,4,10,10,1,8,8,16,6,8,2,4,4,4,8,10,4,2,6,8,6,6,2,4,30,52,34,2
1,54,1,0,0,0,0,0,0,1,0,14,2,10,1,8,4,10,12,1,8,8,14,8,6,0,2,14,14,2,4,2,2,0,2,8,10,6,8,8,0,24,2
1,54,1,0,0,0,0,0,0,1,0,14,2,10,1,6,4,10,10,1,8,8,14,2,10,0,4,10,4,12,18,2,2,2,4,8,8,6,8,14,2,24,2
1,54,0,0,0,0,3,0,0,1,0,14,2,6,1,6,4,10,12,1,6,6,12,12,4,0,2,14,14,0,2,2,2,0,2,4,4,2,4,6,0,42,2
1,54,0,0,0,0,3,0,0,1,0,14,2,8,1,6,4,10,12,1,8,8,12,0,12,4,4,14,14,0,2,2,2,0,2,6,6,4,6,0,0,66,2
1,52,0,0,0,0,3,0,0,1,0,14,2,8,1,8,2,10,8,1,6,4,10,10,6,6,4,10,16,12,10,2,2,0,2,8,8,2,4,18,0,8,2
